id,studentId,studentNo,studentName,classId,className,courseId,courseName,attendanceDate,status,recorderId,recorderName,remark,createdAt,updatedAt
1,1,2021ECOM01001,蒋慧敏,1,电子商务2101班,20,创新创业基础,2026-04-21,absent,5,奚宇航,模拟考勤异常记录,2026-04-26T18:01:54,2026-04-26T18:01:54
2,1,2021ECOM01001,蒋慧敏,1,电子商务2101班,18,线性代数,2026-04-15,normal,3,花睿哲,,2026-04-26T18:01:54,2026-04-26T18:01:54
3,1,2021ECOM01001,蒋慧敏,1,电子商务2101班,3,Web前端开发,2026-04-26,normal,7,云承泽,,2026-04-26T18:01:54,2026-04-26T18:01:54
4,1,2021ECOM01001,蒋慧敏,1,电子商务2101班,9,大学英语,2026-04-24,normal,7,云承泽,,2026-04-26T18:01:54,2026-04-26T18:01:54
5,1,2021ECOM01001,蒋慧敏,1,电子商务2101班,7,Python程序设计,2026-04-21,leave,2,魏静怡,模拟考勤异常记录,2026-04-26T18:01:54,2026-04-26T18:01:54
6,1,2021ECOM01001,蒋慧敏,1,电子商务2101班,13,Linux操作系统,2026-04-11,normal,2,魏静怡,,2026-04-26T18:01:54,2026-04-26T18:01:54
7,1,2021ECOM01001,蒋慧敏,1,电子商务2101班,2,数据库原理,2026-04-22,normal,2,魏静怡,,2026-04-26T18:01:54,2026-04-26T18:01:54
8,1,2021ECOM01001,蒋慧敏,1,电子商务2101班,3,Web前端开发,2026-04-22,leave,7,云承泽,模拟考勤异常记录,2026-04-26T18:01:54,2026-04-26T18:01:54
9,2,2023ECOM02002,严雅婷,8,电子商务2302班,8,人工智能基础,2026-04-02,normal,1,彭佳怡,,2026-04-26T18:01:54,2026-04-26T18:01:54
10,2,2023ECOM02002,严雅婷,8,电子商务2302班,20,创新创业基础,2026-04-24,normal,5,奚宇航,,2026-04-26T18:01:54,2026-04-26T18:01:54
11,2,2023ECOM02002,严雅婷,8,电子商务2302班,19,大学物理,2026-04-11,late,3,花睿哲,模拟考勤异常记录,2026-04-26T18:01:54,2026-04-26T18:01:54
12,2,2023ECOM02002,严雅婷,8,电子商务2302班,2,数据库原理,2026-04-18,normal,2,魏静怡,,2026-04-26T18:01:54,2026-04-26T18:01:54
13,2,2023ECOM02002,严雅婷,8,电子商务2302班,14,移动应用开发,2026-04-19,normal,2,魏静怡,,2026-04-26T18:01:54,2026-04-26T18:01:54
14,2,2023ECOM02002,严雅婷,8,电子商务2302班,20,创新创业基础,2026-04-08,normal,5,奚宇航,,2026-04-26T18:01:54,2026-04-26T18:01:54
15,2,2023ECOM02002,严雅婷,8,电子商务2302班,8,人工智能基础,2026-03-28,normal,1,彭佳怡,,2026-04-26T18:01:54,2026-04-26T18:01:54
16,2,2023ECOM02002,严雅婷,8,电子商务2302班,14,移动应用开发,2026-04-20,normal,2,魏静怡,,2026-04-26T18:01:54,2026-04-26T18:01:54
17,3,2024AI02003,褚晓彤,4,人工智能2402班,17,高等数学,2026-04-02,late,2,魏静怡,模拟考勤异常记录,2026-04-26T18:01:54,2026-04-26T18:01:54
18,3,2024AI02003,褚晓彤,4,人工智能2402班,12,离散数学,2026-04-14,leave_early,8,任景行,模拟考勤异常记录,2026-04-26T18:01:54,2026-04-26T18:01:54
19,3,2024AI02003,褚晓彤,4,人工智能2402班,12,离散数学,2026-04-12,normal,8,任景行,,2026-04-26T18:01:54,2026-04-26T18:01:54
20,3,2024AI02003,褚晓彤,4,人工智能2402班,13,Linux操作系统,2026-04-07,normal,2,魏静怡,,2026-04-26T18:01:54,2026-04-26T18:01:54
21,3,2024AI02003,褚晓彤,4,人工智能2402班,13,Linux操作系统,2026-04-01,normal,2,魏静怡,,2026-04-26T18:01:54,2026-04-26T18:01:54
22,3,2024AI02003,褚晓彤,4,人工智能2402班,12,离散数学,2026-04-25,leave_early,8,任景行,模拟考勤异常记录,2026-04-26T18:01:54,2026-04-26T18:01:54
23,3,2024AI02003,褚晓彤,4,人工智能2402班,17,高等数学,2026-04-04,normal,2,魏静怡,,2026-04-26T18:01:54,2026-04-26T18:01:54
24,3,2024AI02003,褚晓彤,4,人工智能2402班,17,高等数学,2026-04-21,leave_early,2,魏静怡,模拟考勤异常记录,2026-04-26T18:01:54,2026-04-26T18:01:54
25,4,2024AI02004,云子涵,4,人工智能2402班,13,Linux操作系统,2026-04-15,normal,2,魏静怡,,2026-04-26T18:01:54,2026-04-26T18:01:54
26,4,2024AI02004,云子涵,4,人工智能2402班,12,离散数学,2026-04-01,late,8,任景行,模拟考勤异常记录,2026-04-26T18:01:54,2026-04-26T18:01:54
27,4,2024AI02004,云子涵,4,人工智能2402班,17,高等数学,2026-04-26,leave,2,魏静怡,模拟考勤异常记录,2026-04-26T18:01:54,2026-04-26T18:01:54
28,4,2024AI02004,云子涵,4,人工智能2402班,12,离散数学,2026-04-25,normal,8,任景行,,2026-04-26T18:01:54,2026-04-26T18:01:54
29,4,2024AI02004,云子涵,4,人工智能2402班,12,离散数学,2026-04-24,normal,8,任景行,,2026-04-26T18:01:54,2026-04-26T18:01:54
30,4,2024AI02004,云子涵,4,人工智能2402班,5,操作系统,2026-04-02,late,5,奚宇航,模拟考勤异常记录,2026-04-26T18:01:54,2026-04-26T18:01:54
31,4,2024AI02004,云子涵,4,人工智能2402班,5,操作系统,2026-04-04,normal,5,奚宇航,,2026-04-26T18:01:54,2026-04-26T18:01:54
32,4,2024AI02004,云子涵,4,人工智能2402班,12,离散数学,2026-04-20,normal,8,任景行,,2026-04-26T18:01:54,2026-04-26T18:01:54
33,5,2021CS02005,何语嫣,2,计算机科学与技术2102班,5,操作系统,2026-04-01,normal,5,奚宇航,,2026-04-26T18:01:54,2026-04-26T18:01:54
34,5,2021CS02005,何语嫣,2,计算机科学与技术2102班,19,大学物理,2026-04-19,normal,3,花睿哲,,2026-04-26T18:01:54,2026-04-26T18:01:54
35,5,2021CS02005,何语嫣,2,计算机科学与技术2102班,4,数据结构,2026-04-20,normal,4,姜婉婷,,2026-04-26T18:01:54,2026-04-26T18:01:54
36,5,2021CS02005,何语嫣,2,计算机科学与技术2102班,13,Linux操作系统,2026-04-12,normal,2,魏静怡,,2026-04-26T18:01:54,2026-04-26T18:01:54
37,5,2021CS02005,何语嫣,2,计算机科学与技术2102班,18,线性代数,2026-04-13,normal,3,花睿哲,,2026-04-26T18:01:54,2026-04-26T18:01:54
38,5,2021CS02005,何语嫣,2,计算机科学与技术2102班,9,大学英语,2026-03-30,normal,7,云承泽,,2026-04-26T18:01:54,2026-04-26T18:01:54
39,5,2021CS02005,何语嫣,2,计算机科学与技术2102班,4,数据结构,2026-04-17,normal,4,姜婉婷,,2026-04-26T18:01:54,2026-04-26T18:01:54
40,5,2021CS02005,何语嫣,2,计算机科学与技术2102班,16,信息安全基础,2026-04-23,leave,3,花睿哲,模拟考勤异常记录,2026-04-26T18:01:54,2026-04-26T18:01:54
41,6,2021CS03006,吴景行,7,计算机科学与技术2103班,7,Python程序设计,2026-04-22,absent,2,魏静怡,模拟考勤异常记录,2026-04-26T18:01:54,2026-04-26T18:01:54
42,6,2021CS03006,吴景行,7,计算机科学与技术2103班,7,Python程序设计,2026-04-10,normal,2,魏静怡,,2026-04-26T18:01:54,2026-04-26T18:01:54
43,6,2021CS03006,吴景行,7,计算机科学与技术2103班,7,Python程序设计,2026-04-14,normal,2,魏静怡,,2026-04-26T18:01:54,2026-04-26T18:01:54
44,6,2021CS03006,吴景行,7,计算机科学与技术2103班,7,Python程序设计,2026-03-28,absent,2,魏静怡,模拟考勤异常记录,2026-04-26T18:01:54,2026-04-26T18:01:54
45,6,2021CS03006,吴景行,7,计算机科学与技术2103班,7,Python程序设计,2026-03-27,normal,2,魏静怡,,2026-04-26T18:01:54,2026-04-26T18:01:54
46,6,2021CS03006,吴景行,7,计算机科学与技术2103班,7,Python程序设计,2026-04-17,normal,2,魏静怡,,2026-04-26T18:01:54,2026-04-26T18:01:54
47,7,2021CS02007,严静怡,2,计算机科学与技术2102班,10,体育,2026-03-30,normal,7,云承泽,,2026-04-26T18:01:54,2026-04-26T18:01:54
48,7,2021CS02007,严静怡,2,计算机科学与技术2102班,19,大学物理,2026-04-20,absent,3,花睿哲,模拟考勤异常记录,2026-04-26T18:01:54,2026-04-26T18:01:54
49,7,2021CS02007,严静怡,2,计算机科学与技术2102班,12,离散数学,2026-04-07,normal,8,任景行,,2026-04-26T18:01:54,2026-04-26T18:01:54
50,7,2021CS02007,严静怡,2,计算机科学与技术2102班,5,操作系统,2026-04-25,normal,5,奚宇航,,2026-04-26T18:01:54,2026-04-26T18:01:54
51,7,2021CS02007,严静怡,2,计算机科学与技术2102班,17,高等数学,2026-04-07,normal,2,魏静怡,,2026-04-26T18:01:54,2026-04-26T18:01:54
52,7,2021CS02007,严静怡,2,计算机科学与技术2102班,5,操作系统,2026-04-12,absent,5,奚宇航,模拟考勤异常记录,2026-04-26T18:01:54,2026-04-26T18:01:54
53,7,2021CS02007,严静怡,2,计算机科学与技术2102班,4,数据结构,2026-04-13,late,4,姜婉婷,模拟考勤异常记录,2026-04-26T18:01:54,2026-04-26T18:01:54
54,7,2021CS02007,严静怡,2,计算机科学与技术2102班,8,人工智能基础,2026-04-23,normal,1,彭佳怡,,2026-04-26T18:01:54,2026-04-26T18:01:54
55,8,2024AI02008,卫睿哲,4,人工智能2402班,5,操作系统,2026-04-21,normal,5,奚宇航,,2026-04-26T18:01:54,2026-04-26T18:01:54
56,8,2024AI02008,卫睿哲,4,人工智能2402班,13,Linux操作系统,2026-04-13,normal,2,魏静怡,,2026-04-26T18:01:54,2026-04-26T18:01:54
57,8,2024AI02008,卫睿哲,4,人工智能2402班,12,离散数学,2026-04-23,normal,8,任景行,,2026-04-26T18:01:54,2026-04-26T18:01:54
58,8,2024AI02008,卫睿哲,4,人工智能2402班,17,高等数学,2026-04-10,normal,2,魏静怡,,2026-04-26T18:01:54,2026-04-26T18:01:54
59,8,2024AI02008,卫睿哲,4,人工智能2402班,5,操作系统,2026-04-02,normal,5,奚宇航,,2026-04-26T18:01:54,2026-04-26T18:01:54
60,8,2024AI02008,卫睿哲,4,人工智能2402班,12,离散数学,2026-04-14,leave,8,任景行,模拟考勤异常记录,2026-04-26T18:01:54,2026-04-26T18:01:54
61,8,2024AI02008,卫睿哲,4,人工智能2402班,5,操作系统,2026-03-29,normal,5,奚宇航,,2026-04-26T18:01:54,2026-04-26T18:01:54
62,8,2024AI02008,卫睿哲,4,人工智能2402班,13,Linux操作系统,2026-03-31,normal,2,魏静怡,,2026-04-26T18:01:54,2026-04-26T18:01:54
63,9,2023ECOM02009,褚志远,8,电子商务2302班,8,人工智能基础,2026-03-31,normal,1,彭佳怡,,2026-04-26T18:01:54,2026-04-26T18:01:54
64,9,2023ECOM02009,褚志远,8,电子商务2302班,20,创新创业基础,2026-03-31,normal,5,奚宇航,,2026-04-26T18:01:54,2026-04-26T18:01:54
65,9,2023ECOM02009,褚志远,8,电子商务2302班,18,线性代数,2026-04-09,leave_early,3,花睿哲,模拟考勤异常记录,2026-04-26T18:01:54,2026-04-26T18:01:54
66,9,2023ECOM02009,褚志远,8,电子商务2302班,8,人工智能基础,2026-04-13,late,1,彭佳怡,模拟考勤异常记录,2026-04-26T18:01:54,2026-04-26T18:01:54
67,9,2023ECOM02009,褚志远,8,电子商务2302班,2,数据库原理,2026-04-10,leave_early,2,魏静怡,模拟考勤异常记录,2026-04-26T18:01:54,2026-04-26T18:01:54
68,9,2023ECOM02009,褚志远,8,电子商务2302班,2,数据库原理,2026-04-24,normal,2,魏静怡,,2026-04-26T18:01:54,2026-04-26T18:01:54
69,9,2023ECOM02009,褚志远,8,电子商务2302班,19,大学物理,2026-04-11,normal,3,花睿哲,,2026-04-26T18:01:54,2026-04-26T18:01:54
70,9,2023ECOM02009,褚志远,8,电子商务2302班,2,数据库原理,2026-03-30,normal,2,魏静怡,,2026-04-26T18:01:54,2026-04-26T18:01:54
71,10,2021SE02010,苗子轩,3,软件工程2102班,3,Web前端开发,2026-04-09,late,7,云承泽,模拟考勤异常记录,2026-04-26T18:01:54,2026-04-26T18:01:54
72,10,2021SE02010,苗子轩,3,软件工程2102班,3,Web前端开发,2026-04-17,normal,7,云承泽,,2026-04-26T18:01:54,2026-04-26T18:01:54
73,10,2021SE02010,苗子轩,3,软件工程2102班,3,Web前端开发,2026-04-23,leave_early,7,云承泽,模拟考勤异常记录,2026-04-26T18:01:54,2026-04-26T18:01:54
74,10,2021SE02010,苗子轩,3,软件工程2102班,3,Web前端开发,2026-04-02,leave,7,云承泽,模拟考勤异常记录,2026-04-26T18:01:54,2026-04-26T18:01:54
75,10,2021SE02010,苗子轩,3,软件工程2102班,3,Web前端开发,2026-04-07,normal,7,云承泽,,2026-04-26T18:01:54,2026-04-26T18:01:54
76,10,2021SE02010,苗子轩,3,软件工程2102班,3,Web前端开发,2026-04-24,normal,7,云承泽,,2026-04-26T18:01:54,2026-04-26T18:01:54
77,11,2021SE02011,李雪晴,3,软件工程2102班,3,Web前端开发,2026-04-09,normal,7,云承泽,,2026-04-26T18:01:54,2026-04-26T18:01:54
78,11,2021SE02011,李雪晴,3,软件工程2102班,3,Web前端开发,2026-04-25,late,7,云承泽,模拟考勤异常记录,2026-04-26T18:01:54,2026-04-26T18:01:54
79,11,2021SE02011,李雪晴,3,软件工程2102班,3,Web前端开发,2026-04-07,leave_early,7,云承泽,模拟考勤异常记录,2026-04-26T18:01:54,2026-04-26T18:01:54
80,11,2021SE02011,李雪晴,3,软件工程2102班,3,Web前端开发,2026-04-01,normal,7,云承泽,,2026-04-26T18:01:54,2026-04-26T18:01:54
81,11,2021SE02011,李雪晴,3,软件工程2102班,3,Web前端开发,2026-03-29,normal,7,云承泽,,2026-04-26T18:01:54,2026-04-26T18:01:54
82,11,2021SE02011,李雪晴,3,软件工程2102班,3,Web前端开发,2026-04-16,leave,7,云承泽,模拟考勤异常记录,2026-04-26T18:01:54,2026-04-26T18:01:54
83,11,2021SE02011,李雪晴,3,软件工程2102班,3,Web前端开发,2026-04-18,leave,7,云承泽,模拟考勤异常记录,2026-04-26T18:01:54,2026-04-26T18:01:54
84,11,2021SE02011,李雪晴,3,软件工程2102班,3,Web前端开发,2026-04-19,normal,7,云承泽,,2026-04-26T18:01:54,2026-04-26T18:01:54
85,12,2022DS02012,范欣怡,5,数据科学与大数据技术2202班,16,信息安全基础,2026-04-19,normal,3,花睿哲,,2026-04-26T18:01:54,2026-04-26T18:01:54
86,12,2022DS02012,范欣怡,5,数据科学与大数据技术2202班,6,软件工程导论,2026-04-20,absent,5,奚宇航,模拟考勤异常记录,2026-04-26T18:01:54,2026-04-26T18:01:54
87,12,2022DS02012,范欣怡,5,数据科学与大数据技术2202班,4,数据结构,2026-04-17,normal,4,姜婉婷,,2026-04-26T18:01:54,2026-04-26T18:01:54
88,12,2022DS02012,范欣怡,5,数据科学与大数据技术2202班,11,计算机网络,2026-03-31,normal,8,任景行,,2026-04-26T18:01:54,2026-04-26T18:01:54
89,12,2022DS02012,范欣怡,5,数据科学与大数据技术2202班,10,体育,2026-04-13,leave,7,云承泽,模拟考勤异常记录,2026-04-26T18:01:54,2026-04-26T18:01:54
90,12,2022DS02012,范欣怡,5,数据科学与大数据技术2202班,9,大学英语,2026-03-30,absent,7,云承泽,模拟考勤异常记录,2026-04-26T18:01:54,2026-04-26T18:01:54
91,12,2022DS02012,范欣怡,5,数据科学与大数据技术2202班,6,软件工程导论,2026-04-05,leave,5,奚宇航,模拟考勤异常记录,2026-04-26T18:01:54,2026-04-26T18:01:54
92,12,2022DS02012,范欣怡,5,数据科学与大数据技术2202班,4,数据结构,2026-04-02,normal,4,姜婉婷,,2026-04-26T18:01:54,2026-04-26T18:01:54
93,13,2024AI02013,李雨桐,4,人工智能2402班,5,操作系统,2026-04-26,normal,5,奚宇航,,2026-04-26T18:01:54,2026-04-26T18:01:54
94,13,2024AI02013,李雨桐,4,人工智能2402班,12,离散数学,2026-04-24,normal,8,任景行,,2026-04-26T18:01:54,2026-04-26T18:01:54
95,13,2024AI02013,李雨桐,4,人工智能2402班,1,Java程序设计,2026-04-26,late,8,任景行,模拟考勤异常记录,2026-04-26T18:01:54,2026-04-26T18:01:54
96,13,2024AI02013,李雨桐,4,人工智能2402班,5,操作系统,2026-04-06,normal,5,奚宇航,,2026-04-26T18:01:54,2026-04-26T18:01:54
97,13,2024AI02013,李雨桐,4,人工智能2402班,5,操作系统,2026-04-14,normal,5,奚宇航,,2026-04-26T18:01:54,2026-04-26T18:01:54
98,13,2024AI02013,李雨桐,4,人工智能2402班,1,Java程序设计,2026-04-08,normal,8,任景行,,2026-04-26T18:01:54,2026-04-26T18:01:54
99,13,2024AI02013,李雨桐,4,人工智能2402班,12,离散数学,2026-04-15,normal,8,任景行,,2026-04-26T18:01:54,2026-04-26T18:01:54
100,13,2024AI02013,李雨桐,4,人工智能2402班,1,Java程序设计,2026-04-10,leave,8,任景行,模拟考勤异常记录,2026-04-26T18:01:54,2026-04-26T18:01:54
101,14,2023ECOM02014,俞梦瑶,8,电子商务2302班,18,线性代数,2026-04-26,normal,3,花睿哲,,2026-04-26T18:01:54,2026-04-26T18:01:54
102,14,2023ECOM02014,俞梦瑶,8,电子商务2302班,18,线性代数,2026-04-12,leave,3,花睿哲,模拟考勤异常记录,2026-04-26T18:01:54,2026-04-26T18:01:54
103,14,2023ECOM02014,俞梦瑶,8,电子商务2302班,14,移动应用开发,2026-04-16,normal,2,魏静怡,,2026-04-26T18:01:54,2026-04-26T18:01:54
104,14,2023ECOM02014,俞梦瑶,8,电子商务2302班,20,创新创业基础,2026-04-15,late,5,奚宇航,模拟考勤异常记录,2026-04-26T18:01:54,2026-04-26T18:01:54
105,14,2023ECOM02014,俞梦瑶,8,电子商务2302班,2,数据库原理,2026-04-16,leave,2,魏静怡,模拟考勤异常记录,2026-04-26T18:01:54,2026-04-26T18:01:54
106,14,2023ECOM02014,俞梦瑶,8,电子商务2302班,20,创新创业基础,2026-04-24,normal,5,奚宇航,,2026-04-26T18:01:54,2026-04-26T18:01:54
107,14,2023ECOM02014,俞梦瑶,8,电子商务2302班,19,大学物理,2026-03-27,normal,3,花睿哲,,2026-04-26T18:01:54,2026-04-26T18:01:54
108,15,2022DS02015,曹承泽,5,数据科学与大数据技术2202班,4,数据结构,2026-04-15,normal,4,姜婉婷,,2026-04-26T18:01:54,2026-04-26T18:01:54
109,15,2022DS02015,曹承泽,5,数据科学与大数据技术2202班,11,计算机网络,2026-04-11,absent,8,任景行,模拟考勤异常记录,2026-04-26T18:01:54,2026-04-26T18:01:54
110,15,2022DS02015,曹承泽,5,数据科学与大数据技术2202班,10,体育,2026-04-18,leave,7,云承泽,模拟考勤异常记录,2026-04-26T18:01:54,2026-04-26T18:01:54
111,15,2022DS02015,曹承泽,5,数据科学与大数据技术2202班,16,信息安全基础,2026-04-06,normal,3,花睿哲,,2026-04-26T18:01:54,2026-04-26T18:01:54
112,15,2022DS02015,曹承泽,5,数据科学与大数据技术2202班,4,数据结构,2026-04-07,leave,4,姜婉婷,模拟考勤异常记录,2026-04-26T18:01:54,2026-04-26T18:01:54
113,15,2022DS02015,曹承泽,5,数据科学与大数据技术2202班,9,大学英语,2026-04-06,leave,7,云承泽,模拟考勤异常记录,2026-04-26T18:01:54,2026-04-26T18:01:54
114,15,2022DS02015,曹承泽,5,数据科学与大数据技术2202班,10,体育,2026-04-08,leave_early,7,云承泽,模拟考勤异常记录,2026-04-26T18:01:54,2026-04-26T18:01:54
115,15,2022DS02015,曹承泽,5,数据科学与大数据技术2202班,10,体育,2026-04-16,normal,7,云承泽,,2026-04-26T18:01:54,2026-04-26T18:01:54
116,16,2022DS02016,邹景行,5,数据科学与大数据技术2202班,4,数据结构,2026-04-02,late,4,姜婉婷,模拟考勤异常记录,2026-04-26T18:01:54,2026-04-26T18:01:54
117,16,2022DS02016,邹景行,5,数据科学与大数据技术2202班,15,软件测试技术,2026-04-07,normal,6,李志远,,2026-04-26T18:01:54,2026-04-26T18:01:54
118,16,2022DS02016,邹景行,5,数据科学与大数据技术2202班,6,软件工程导论,2026-04-20,late,5,奚宇航,模拟考勤异常记录,2026-04-26T18:01:54,2026-04-26T18:01:54
119,16,2022DS02016,邹景行,5,数据科学与大数据技术2202班,6,软件工程导论,2026-04-04,normal,5,奚宇航,,2026-04-26T18:01:54,2026-04-26T18:01:54
120,16,2022DS02016,邹景行,5,数据科学与大数据技术2202班,4,数据结构,2026-04-23,normal,4,姜婉婷,,2026-04-26T18:01:54,2026-04-26T18:01:54
121,16,2022DS02016,邹景行,5,数据科学与大数据技术2202班,16,信息安全基础,2026-04-21,leave,3,花睿哲,模拟考勤异常记录,2026-04-26T18:01:54,2026-04-26T18:01:54
122,16,2022DS02016,邹景行,5,数据科学与大数据技术2202班,6,软件工程导论,2026-03-27,absent,5,奚宇航,模拟考勤异常记录,2026-04-26T18:01:54,2026-04-26T18:01:54
123,16,2022DS02016,邹景行,5,数据科学与大数据技术2202班,9,大学英语,2026-04-15,normal,7,云承泽,,2026-04-26T18:01:54,2026-04-26T18:01:54
124,17,2021SE02017,褚欣怡,3,软件工程2102班,3,Web前端开发,2026-04-10,normal,7,云承泽,,2026-04-26T18:01:54,2026-04-26T18:01:54
125,17,2021SE02017,褚欣怡,3,软件工程2102班,3,Web前端开发,2026-03-31,leave,7,云承泽,模拟考勤异常记录,2026-04-26T18:01:54,2026-04-26T18:01:54
126,17,2021SE02017,褚欣怡,3,软件工程2102班,3,Web前端开发,2026-04-07,absent,7,云承泽,模拟考勤异常记录,2026-04-26T18:01:54,2026-04-26T18:01:54
127,17,2021SE02017,褚欣怡,3,软件工程2102班,3,Web前端开发,2026-03-28,normal,7,云承泽,,2026-04-26T18:01:54,2026-04-26T18:01:54
128,17,2021SE02017,褚欣怡,3,软件工程2102班,3,Web前端开发,2026-04-15,normal,7,云承泽,,2026-04-26T18:01:54,2026-04-26T18:01:54
129,17,2021SE02017,褚欣怡,3,软件工程2102班,3,Web前端开发,2026-04-24,normal,7,云承泽,,2026-04-26T18:01:54,2026-04-26T18:01:54
130,17,2021SE02017,褚欣怡,3,软件工程2102班,3,Web前端开发,2026-04-18,normal,7,云承泽,,2026-04-26T18:01:54,2026-04-26T18:01:54
131,17,2021SE02017,褚欣怡,3,软件工程2102班,3,Web前端开发,2026-04-14,normal,7,云承泽,,2026-04-26T18:01:54,2026-04-26T18:01:54
132,18,2021SE02018,花景行,3,软件工程2102班,3,Web前端开发,2026-04-19,normal,7,云承泽,,2026-04-26T18:01:54,2026-04-26T18:01:54
133,18,2021SE02018,花景行,3,软件工程2102班,3,Web前端开发,2026-03-31,normal,7,云承泽,,2026-04-26T18:01:54,2026-04-26T18:01:54
134,18,2021SE02018,花景行,3,软件工程2102班,3,Web前端开发,2026-03-29,normal,7,云承泽,,2026-04-26T18:01:54,2026-04-26T18:01:54
135,18,2021SE02018,花景行,3,软件工程2102班,3,Web前端开发,2026-04-18,leave_early,7,云承泽,模拟考勤异常记录,2026-04-26T18:01:54,2026-04-26T18:01:54
136,18,2021SE02018,花景行,3,软件工程2102班,3,Web前端开发,2026-04-11,normal,7,云承泽,,2026-04-26T18:01:54,2026-04-26T18:01:54
137,18,2021SE02018,花景行,3,软件工程2102班,3,Web前端开发,2026-03-27,absent,7,云承泽,模拟考勤异常记录,2026-04-26T18:01:54,2026-04-26T18:01:54
138,18,2021SE02018,花景行,3,软件工程2102班,3,Web前端开发,2026-04-21,normal,7,云承泽,,2026-04-26T18:01:54,2026-04-26T18:01:54
139,19,2023ECOM02019,韦思源,8,电子商务2302班,19,大学物理,2026-04-03,normal,3,花睿哲,,2026-04-26T18:01:54,2026-04-26T18:01:54
140,19,2023ECOM02019,韦思源,8,电子商务2302班,8,人工智能基础,2026-04-11,leave,1,彭佳怡,模拟考勤异常记录,2026-04-26T18:01:54,2026-04-26T18:01:54
141,19,2023ECOM02019,韦思源,8,电子商务2302班,8,人工智能基础,2026-03-31,leave_early,1,彭佳怡,模拟考勤异常记录,2026-04-26T18:01:54,2026-04-26T18:01:54
142,19,2023ECOM02019,韦思源,8,电子商务2302班,18,线性代数,2026-04-24,leave,3,花睿哲,模拟考勤异常记录,2026-04-26T18:01:54,2026-04-26T18:01:54
143,19,2023ECOM02019,韦思源,8,电子商务2302班,14,移动应用开发,2026-04-02,late,2,魏静怡,模拟考勤异常记录,2026-04-26T18:01:54,2026-04-26T18:01:54
144,19,2023ECOM02019,韦思源,8,电子商务2302班,8,人工智能基础,2026-04-22,normal,1,彭佳怡,,2026-04-26T18:01:54,2026-04-26T18:01:54
145,19,2023ECOM02019,韦思源,8,电子商务2302班,2,数据库原理,2026-04-03,normal,2,魏静怡,,2026-04-26T18:01:54,2026-04-26T18:01:54
146,19,2023ECOM02019,韦思源,8,电子商务2302班,8,人工智能基础,2026-04-23,normal,1,彭佳怡,,2026-04-26T18:01:54,2026-04-26T18:01:54
147,20,2022DS02020,陶晓彤,5,数据科学与大数据技术2202班,16,信息安全基础,2026-04-11,absent,3,花睿哲,模拟考勤异常记录,2026-04-26T18:01:54,2026-04-26T18:01:54
148,20,2022DS02020,陶晓彤,5,数据科学与大数据技术2202班,15,软件测试技术,2026-03-28,normal,6,李志远,,2026-04-26T18:01:54,2026-04-26T18:01:54
149,20,2022DS02020,陶晓彤,5,数据科学与大数据技术2202班,15,软件测试技术,2026-04-02,normal,6,李志远,,2026-04-26T18:01:54,2026-04-26T18:01:54
150,20,2022DS02020,陶晓彤,5,数据科学与大数据技术2202班,16,信息安全基础,2026-04-24,normal,3,花睿哲,,2026-04-26T18:01:54,2026-04-26T18:01:54
151,20,2022DS02020,陶晓彤,5,数据科学与大数据技术2202班,15,软件测试技术,2026-04-12,absent,6,李志远,模拟考勤异常记录,2026-04-26T18:01:54,2026-04-26T18:01:54
152,20,2022DS02020,陶晓彤,5,数据科学与大数据技术2202班,15,软件测试技术,2026-04-07,leave,6,李志远,模拟考勤异常记录,2026-04-26T18:01:54,2026-04-26T18:01:54
153,20,2022DS02020,陶晓彤,5,数据科学与大数据技术2202班,9,大学英语,2026-03-31,leave,7,云承泽,模拟考勤异常记录,2026-04-26T18:01:54,2026-04-26T18:01:54
154,20,2022DS02020,陶晓彤,5,数据科学与大数据技术2202班,10,体育,2026-04-21,normal,7,云承泽,,2026-04-26T18:01:54,2026-04-26T18:01:54
155,21,2024AI02021,云承泽,4,人工智能2402班,13,Linux操作系统,2026-04-22,normal,2,魏静怡,,2026-04-26T18:01:54,2026-04-26T18:01:54
156,21,2024AI02021,云承泽,4,人工智能2402班,12,离散数学,2026-04-12,leave,8,任景行,模拟考勤异常记录,2026-04-26T18:01:54,2026-04-26T18:01:54
157,21,2024AI02021,云承泽,4,人工智能2402班,12,离散数学,2026-04-11,absent,8,任景行,模拟考勤异常记录,2026-04-26T18:01:54,2026-04-26T18:01:54
158,21,2024AI02021,云承泽,4,人工智能2402班,5,操作系统,2026-04-24,late,5,奚宇航,模拟考勤异常记录,2026-04-26T18:01:54,2026-04-26T18:01:54
159,21,2024AI02021,云承泽,4,人工智能2402班,13,Linux操作系统,2026-04-24,normal,2,魏静怡,,2026-04-26T18:01:54,2026-04-26T18:01:54
160,21,2024AI02021,云承泽,4,人工智能2402班,12,离散数学,2026-04-25,normal,8,任景行,,2026-04-26T18:01:54,2026-04-26T18:01:54
161,21,2024AI02021,云承泽,4,人工智能2402班,5,操作系统,2026-04-15,absent,5,奚宇航,模拟考勤异常记录,2026-04-26T18:01:54,2026-04-26T18:01:54
162,21,2024AI02021,云承泽,4,人工智能2402班,17,高等数学,2026-04-08,normal,2,魏静怡,,2026-04-26T18:01:54,2026-04-26T18:01:54
163,22,2022DS02022,谢思源,5,数据科学与大数据技术2202班,10,体育,2026-04-05,normal,7,云承泽,,2026-04-26T18:01:54,2026-04-26T18:01:54
164,22,2022DS02022,谢思源,5,数据科学与大数据技术2202班,16,信息安全基础,2026-04-07,normal,3,花睿哲,,2026-04-26T18:01:54,2026-04-26T18:01:54
165,22,2022DS02022,谢思源,5,数据科学与大数据技术2202班,6,软件工程导论,2026-04-13,absent,5,奚宇航,模拟考勤异常记录,2026-04-26T18:01:54,2026-04-26T18:01:54
166,22,2022DS02022,谢思源,5,数据科学与大数据技术2202班,4,数据结构,2026-04-12,normal,4,姜婉婷,,2026-04-26T18:01:54,2026-04-26T18:01:54
167,22,2022DS02022,谢思源,5,数据科学与大数据技术2202班,4,数据结构,2026-03-30,late,4,姜婉婷,模拟考勤异常记录,2026-04-26T18:01:54,2026-04-26T18:01:54
168,22,2022DS02022,谢思源,5,数据科学与大数据技术2202班,16,信息安全基础,2026-03-30,normal,3,花睿哲,,2026-04-26T18:01:54,2026-04-26T18:01:54
169,22,2022DS02022,谢思源,5,数据科学与大数据技术2202班,4,数据结构,2026-04-21,normal,4,姜婉婷,,2026-04-26T18:01:54,2026-04-26T18:01:54
170,22,2022DS02022,谢思源,5,数据科学与大数据技术2202班,11,计算机网络,2026-03-31,normal,8,任景行,,2026-04-26T18:01:54,2026-04-26T18:01:54
171,23,2021CS03023,韩志远,7,计算机科学与技术2103班,7,Python程序设计,2026-04-19,normal,2,魏静怡,,2026-04-26T18:01:54,2026-04-26T18:01:54
172,23,2021CS03023,韩志远,7,计算机科学与技术2103班,7,Python程序设计,2026-03-29,absent,2,魏静怡,模拟考勤异常记录,2026-04-26T18:01:54,2026-04-26T18:01:54
173,23,2021CS03023,韩志远,7,计算机科学与技术2103班,7,Python程序设计,2026-04-24,leave_early,2,魏静怡,模拟考勤异常记录,2026-04-26T18:01:54,2026-04-26T18:01:54
174,23,2021CS03023,韩志远,7,计算机科学与技术2103班,7,Python程序设计,2026-04-10,late,2,魏静怡,模拟考勤异常记录,2026-04-26T18:01:54,2026-04-26T18:01:54
175,23,2021CS03023,韩志远,7,计算机科学与技术2103班,7,Python程序设计,2026-04-11,normal,2,魏静怡,,2026-04-26T18:01:54,2026-04-26T18:01:54
176,23,2021CS03023,韩志远,7,计算机科学与技术2103班,7,Python程序设计,2026-04-07,normal,2,魏静怡,,2026-04-26T18:01:54,2026-04-26T18:01:54
177,23,2021CS03023,韩志远,7,计算机科学与技术2103班,7,Python程序设计,2026-04-12,normal,2,魏静怡,,2026-04-26T18:01:54,2026-04-26T18:01:54
178,24,2021SE02024,吴国强,3,软件工程2102班,3,Web前端开发,2026-04-11,normal,7,云承泽,,2026-04-26T18:01:54,2026-04-26T18:01:54
179,24,2021SE02024,吴国强,3,软件工程2102班,3,Web前端开发,2026-03-31,normal,7,云承泽,,2026-04-26T18:01:54,2026-04-26T18:01:54
180,24,2021SE02024,吴国强,3,软件工程2102班,3,Web前端开发,2026-04-06,normal,7,云承泽,,2026-04-26T18:01:54,2026-04-26T18:01:54
181,24,2021SE02024,吴国强,3,软件工程2102班,3,Web前端开发,2026-04-04,normal,7,云承泽,,2026-04-26T18:01:54,2026-04-26T18:01:54
182,24,2021SE02024,吴国强,3,软件工程2102班,3,Web前端开发,2026-03-29,normal,7,云承泽,,2026-04-26T18:01:54,2026-04-26T18:01:54
183,24,2021SE02024,吴国强,3,软件工程2102班,3,Web前端开发,2026-04-13,normal,7,云承泽,,2026-04-26T18:01:54,2026-04-26T18:01:54
184,24,2021SE02024,吴国强,3,软件工程2102班,3,Web前端开发,2026-04-02,late,7,云承泽,模拟考勤异常记录,2026-04-26T18:01:54,2026-04-26T18:01:54
185,25,2022DS02025,李梦瑶,5,数据科学与大数据技术2202班,15,软件测试技术,2026-04-02,normal,6,李志远,,2026-04-26T18:01:54,2026-04-26T18:01:54
186,25,2022DS02025,李梦瑶,5,数据科学与大数据技术2202班,4,数据结构,2026-04-25,normal,4,姜婉婷,,2026-04-26T18:01:54,2026-04-26T18:01:54
187,25,2022DS02025,李梦瑶,5,数据科学与大数据技术2202班,6,软件工程导论,2026-04-07,leave,5,奚宇航,模拟考勤异常记录,2026-04-26T18:01:54,2026-04-26T18:01:54
188,25,2022DS02025,李梦瑶,5,数据科学与大数据技术2202班,11,计算机网络,2026-04-12,normal,8,任景行,,2026-04-26T18:01:54,2026-04-26T18:01:54
189,25,2022DS02025,李梦瑶,5,数据科学与大数据技术2202班,6,软件工程导论,2026-04-08,normal,5,奚宇航,,2026-04-26T18:01:54,2026-04-26T18:01:54
190,25,2022DS02025,李梦瑶,5,数据科学与大数据技术2202班,9,大学英语,2026-04-07,leave,7,云承泽,模拟考勤异常记录,2026-04-26T18:01:54,2026-04-26T18:01:54
191,25,2022DS02025,李梦瑶,5,数据科学与大数据技术2202班,4,数据结构,2026-04-03,late,4,姜婉婷,模拟考勤异常记录,2026-04-26T18:01:54,2026-04-26T18:01:54
192,25,2022DS02025,李梦瑶,5,数据科学与大数据技术2202班,9,大学英语,2026-04-12,normal,7,云承泽,,2026-04-26T18:01:54,2026-04-26T18:01:54
193,26,2021ECOM01026,喻诗涵,1,电子商务2101班,1,Java程序设计,2026-04-14,normal,8,任景行,,2026-04-26T18:01:54,2026-04-26T18:01:54
194,26,2021ECOM01026,喻诗涵,1,电子商务2101班,19,大学物理,2026-04-12,leave_early,3,花睿哲,模拟考勤异常记录,2026-04-26T18:01:54,2026-04-26T18:01:54
195,26,2021ECOM01026,喻诗涵,1,电子商务2101班,6,软件工程导论,2026-04-25,leave,5,奚宇航,模拟考勤异常记录,2026-04-26T18:01:54,2026-04-26T18:01:54
196,26,2021ECOM01026,喻诗涵,1,电子商务2101班,19,大学物理,2026-04-04,normal,3,花睿哲,,2026-04-26T18:01:54,2026-04-26T18:01:54
197,26,2021ECOM01026,喻诗涵,1,电子商务2101班,3,Web前端开发,2026-04-09,normal,7,云承泽,,2026-04-26T18:01:54,2026-04-26T18:01:54
198,26,2021ECOM01026,喻诗涵,1,电子商务2101班,1,Java程序设计,2026-03-29,normal,8,任景行,,2026-04-26T18:01:54,2026-04-26T18:01:54
199,26,2021ECOM01026,喻诗涵,1,电子商务2101班,8,人工智能基础,2026-03-27,normal,1,彭佳怡,,2026-04-26T18:01:54,2026-04-26T18:01:54
200,26,2021ECOM01026,喻诗涵,1,电子商务2101班,10,体育,2026-03-28,normal,7,云承泽,,2026-04-26T18:01:54,2026-04-26T18:01:54
201,27,2021SE02027,何景行,3,软件工程2102班,3,Web前端开发,2026-04-25,leave,7,云承泽,模拟考勤异常记录,2026-04-26T18:01:54,2026-04-26T18:01:54
202,27,2021SE02027,何景行,3,软件工程2102班,3,Web前端开发,2026-03-27,leave,7,云承泽,模拟考勤异常记录,2026-04-26T18:01:54,2026-04-26T18:01:54
203,27,2021SE02027,何景行,3,软件工程2102班,3,Web前端开发,2026-04-19,late,7,云承泽,模拟考勤异常记录,2026-04-26T18:01:54,2026-04-26T18:01:54
204,27,2021SE02027,何景行,3,软件工程2102班,3,Web前端开发,2026-04-16,normal,7,云承泽,,2026-04-26T18:01:54,2026-04-26T18:01:54
205,27,2021SE02027,何景行,3,软件工程2102班,3,Web前端开发,2026-04-04,absent,7,云承泽,模拟考勤异常记录,2026-04-26T18:01:54,2026-04-26T18:01:54
206,27,2021SE02027,何景行,3,软件工程2102班,3,Web前端开发,2026-04-24,normal,7,云承泽,,2026-04-26T18:01:54,2026-04-26T18:01:54
207,27,2021SE02027,何景行,3,软件工程2102班,3,Web前端开发,2026-04-05,normal,7,云承泽,,2026-04-26T18:01:54,2026-04-26T18:01:54
208,28,2024AI02028,施文静,4,人工智能2402班,5,操作系统,2026-04-04,normal,5,奚宇航,,2026-04-26T18:01:54,2026-04-26T18:01:54
209,28,2024AI02028,施文静,4,人工智能2402班,12,离散数学,2026-04-11,normal,8,任景行,,2026-04-26T18:01:54,2026-04-26T18:01:54
210,28,2024AI02028,施文静,4,人工智能2402班,13,Linux操作系统,2026-04-06,normal,2,魏静怡,,2026-04-26T18:01:54,2026-04-26T18:01:54
211,28,2024AI02028,施文静,4,人工智能2402班,13,Linux操作系统,2026-03-28,normal,2,魏静怡,,2026-04-26T18:01:54,2026-04-26T18:01:54
212,28,2024AI02028,施文静,4,人工智能2402班,13,Linux操作系统,2026-04-01,absent,2,魏静怡,模拟考勤异常记录,2026-04-26T18:01:54,2026-04-26T18:01:54
213,28,2024AI02028,施文静,4,人工智能2402班,17,高等数学,2026-04-01,normal,2,魏静怡,,2026-04-26T18:01:54,2026-04-26T18:01:54
214,28,2024AI02028,施文静,4,人工智能2402班,13,Linux操作系统,2026-04-21,leave,2,魏静怡,模拟考勤异常记录,2026-04-26T18:01:54,2026-04-26T18:01:54
215,28,2024AI02028,施文静,4,人工智能2402班,17,高等数学,2026-03-31,normal,2,魏静怡,,2026-04-26T18:01:54,2026-04-26T18:01:54
216,29,2021CS02029,章昊然,2,计算机科学与技术2102班,13,Linux操作系统,2026-04-08,normal,2,魏静怡,,2026-04-26T18:01:54,2026-04-26T18:01:54
217,29,2021CS02029,章昊然,2,计算机科学与技术2102班,9,大学英语,2026-03-27,normal,7,云承泽,,2026-04-26T18:01:54,2026-04-26T18:01:54
218,29,2021CS02029,章昊然,2,计算机科学与技术2102班,19,大学物理,2026-04-23,normal,3,花睿哲,,2026-04-26T18:01:54,2026-04-26T18:01:54
219,29,2021CS02029,章昊然,2,计算机科学与技术2102班,1,Java程序设计,2026-04-23,normal,8,任景行,,2026-04-26T18:01:54,2026-04-26T18:01:54
220,29,2021CS02029,章昊然,2,计算机科学与技术2102班,13,Linux操作系统,2026-04-15,late,2,魏静怡,模拟考勤异常记录,2026-04-26T18:01:54,2026-04-26T18:01:54
221,29,2021CS02029,章昊然,2,计算机科学与技术2102班,15,软件测试技术,2026-04-06,normal,6,李志远,,2026-04-26T18:01:54,2026-04-26T18:01:54
222,29,2021CS02029,章昊然,2,计算机科学与技术2102班,16,信息安全基础,2026-04-01,late,3,花睿哲,模拟考勤异常记录,2026-04-26T18:01:54,2026-04-26T18:01:54
223,29,2021CS02029,章昊然,2,计算机科学与技术2102班,14,移动应用开发,2026-03-28,normal,2,魏静怡,,2026-04-26T18:01:54,2026-04-26T18:01:54
224,30,2021CS02030,曹俊杰,2,计算机科学与技术2102班,13,Linux操作系统,2026-04-24,leave_early,2,魏静怡,模拟考勤异常记录,2026-04-26T18:01:54,2026-04-26T18:01:54
225,30,2021CS02030,曹俊杰,2,计算机科学与技术2102班,4,数据结构,2026-03-28,normal,4,姜婉婷,,2026-04-26T18:01:54,2026-04-26T18:01:54
226,30,2021CS02030,曹俊杰,2,计算机科学与技术2102班,8,人工智能基础,2026-04-08,normal,1,彭佳怡,,2026-04-26T18:01:54,2026-04-26T18:01:54
227,30,2021CS02030,曹俊杰,2,计算机科学与技术2102班,16,信息安全基础,2026-04-22,normal,3,花睿哲,,2026-04-26T18:01:54,2026-04-26T18:01:54
228,30,2021CS02030,曹俊杰,2,计算机科学与技术2102班,12,离散数学,2026-04-23,normal,8,任景行,,2026-04-26T18:01:54,2026-04-26T18:01:54
229,30,2021CS02030,曹俊杰,2,计算机科学与技术2102班,2,数据库原理,2026-04-01,late,2,魏静怡,模拟考勤异常记录,2026-04-26T18:01:54,2026-04-26T18:01:54
230,30,2021CS02030,曹俊杰,2,计算机科学与技术2102班,1,Java程序设计,2026-03-30,leave_early,8,任景行,模拟考勤异常记录,2026-04-26T18:01:54,2026-04-26T18:01:54
231,30,2021CS02030,曹俊杰,2,计算机科学与技术2102班,19,大学物理,2026-04-06,normal,3,花睿哲,,2026-04-26T18:01:54,2026-04-26T18:01:54
232,31,2021CS02031,何景行,2,计算机科学与技术2102班,12,离散数学,2026-04-17,normal,8,任景行,,2026-04-26T18:01:54,2026-04-26T18:01:54
233,31,2021CS02031,何景行,2,计算机科学与技术2102班,7,Python程序设计,2026-04-02,absent,2,魏静怡,模拟考勤异常记录,2026-04-26T18:01:54,2026-04-26T18:01:54
234,31,2021CS02031,何景行,2,计算机科学与技术2102班,17,高等数学,2026-04-14,absent,2,魏静怡,模拟考勤异常记录,2026-04-26T18:01:54,2026-04-26T18:01:54
235,31,2021CS02031,何景行,2,计算机科学与技术2102班,3,Web前端开发,2026-04-16,normal,7,云承泽,,2026-04-26T18:01:54,2026-04-26T18:01:54
236,31,2021CS02031,何景行,2,计算机科学与技术2102班,9,大学英语,2026-04-23,normal,7,云承泽,,2026-04-26T18:01:54,2026-04-26T18:01:54
237,31,2021CS02031,何景行,2,计算机科学与技术2102班,11,计算机网络,2026-04-18,normal,8,任景行,,2026-04-26T18:01:54,2026-04-26T18:01:54
238,31,2021CS02031,何景行,2,计算机科学与技术2102班,7,Python程序设计,2026-04-20,absent,2,魏静怡,模拟考勤异常记录,2026-04-26T18:01:54,2026-04-26T18:01:54
239,31,2021CS02031,何景行,2,计算机科学与技术2102班,10,体育,2026-04-06,normal,7,云承泽,,2026-04-26T18:01:54,2026-04-26T18:01:54
240,32,2021ECOM01032,魏子涵,1,电子商务2101班,7,Python程序设计,2026-03-31,normal,2,魏静怡,,2026-04-26T18:01:54,2026-04-26T18:01:54
241,32,2021ECOM01032,魏子涵,1,电子商务2101班,1,Java程序设计,2026-04-20,absent,8,任景行,模拟考勤异常记录,2026-04-26T18:01:54,2026-04-26T18:01:54
242,32,2021ECOM01032,魏子涵,1,电子商务2101班,12,离散数学,2026-04-05,normal,8,任景行,,2026-04-26T18:01:54,2026-04-26T18:01:54
243,32,2021ECOM01032,魏子涵,1,电子商务2101班,14,移动应用开发,2026-04-06,late,2,魏静怡,模拟考勤异常记录,2026-04-26T18:01:54,2026-04-26T18:01:54
244,32,2021ECOM01032,魏子涵,1,电子商务2101班,12,离散数学,2026-04-04,normal,8,任景行,,2026-04-26T18:01:54,2026-04-26T18:01:54
245,32,2021ECOM01032,魏子涵,1,电子商务2101班,18,线性代数,2026-04-02,leave,3,花睿哲,模拟考勤异常记录,2026-04-26T18:01:54,2026-04-26T18:01:54
246,32,2021ECOM01032,魏子涵,1,电子商务2101班,5,操作系统,2026-04-22,leave,5,奚宇航,模拟考勤异常记录,2026-04-26T18:01:54,2026-04-26T18:01:54
247,32,2021ECOM01032,魏子涵,1,电子商务2101班,19,大学物理,2026-04-07,absent,3,花睿哲,模拟考勤异常记录,2026-04-26T18:01:54,2026-04-26T18:01:54
248,33,2023ECOM02033,方浩然,8,电子商务2302班,14,移动应用开发,2026-03-31,normal,2,魏静怡,,2026-04-26T18:01:54,2026-04-26T18:01:54
249,33,2023ECOM02033,方浩然,8,电子商务2302班,8,人工智能基础,2026-04-19,late,1,彭佳怡,模拟考勤异常记录,2026-04-26T18:01:54,2026-04-26T18:01:54
250,33,2023ECOM02033,方浩然,8,电子商务2302班,8,人工智能基础,2026-04-20,normal,1,彭佳怡,,2026-04-26T18:01:54,2026-04-26T18:01:54
251,33,2023ECOM02033,方浩然,8,电子商务2302班,19,大学物理,2026-04-02,normal,3,花睿哲,,2026-04-26T18:01:54,2026-04-26T18:01:54
252,33,2023ECOM02033,方浩然,8,电子商务2302班,19,大学物理,2026-04-16,late,3,花睿哲,模拟考勤异常记录,2026-04-26T18:01:54,2026-04-26T18:01:54
253,33,2023ECOM02033,方浩然,8,电子商务2302班,14,移动应用开发,2026-04-26,leave,2,魏静怡,模拟考勤异常记录,2026-04-26T18:01:54,2026-04-26T18:01:54
254,33,2023ECOM02033,方浩然,8,电子商务2302班,14,移动应用开发,2026-04-06,normal,2,魏静怡,,2026-04-26T18:01:54,2026-04-26T18:01:54
255,33,2023ECOM02033,方浩然,8,电子商务2302班,14,移动应用开发,2026-04-07,late,2,魏静怡,模拟考勤异常记录,2026-04-26T18:01:54,2026-04-26T18:01:54
256,34,2021SE02034,杨鹏飞,3,软件工程2102班,3,Web前端开发,2026-04-23,late,7,云承泽,模拟考勤异常记录,2026-04-26T18:01:54,2026-04-26T18:01:54
257,34,2021SE02034,杨鹏飞,3,软件工程2102班,3,Web前端开发,2026-04-14,normal,7,云承泽,,2026-04-26T18:01:54,2026-04-26T18:01:54
258,34,2021SE02034,杨鹏飞,3,软件工程2102班,3,Web前端开发,2026-04-18,normal,7,云承泽,,2026-04-26T18:01:54,2026-04-26T18:01:54
259,34,2021SE02034,杨鹏飞,3,软件工程2102班,3,Web前端开发,2026-04-05,normal,7,云承泽,,2026-04-26T18:01:54,2026-04-26T18:01:54
260,34,2021SE02034,杨鹏飞,3,软件工程2102班,3,Web前端开发,2026-03-29,normal,7,云承泽,,2026-04-26T18:01:54,2026-04-26T18:01:54
261,34,2021SE02034,杨鹏飞,3,软件工程2102班,3,Web前端开发,2026-04-20,normal,7,云承泽,,2026-04-26T18:01:54,2026-04-26T18:01:54
262,34,2021SE02034,杨鹏飞,3,软件工程2102班,3,Web前端开发,2026-04-10,normal,7,云承泽,,2026-04-26T18:01:54,2026-04-26T18:01:54
263,34,2021SE02034,杨鹏飞,3,软件工程2102班,3,Web前端开发,2026-04-07,late,7,云承泽,模拟考勤异常记录,2026-04-26T18:01:54,2026-04-26T18:01:54
264,35,2023DS02035,昌鹏飞,6,数据科学与大数据技术2302班,18,线性代数,2026-04-21,leave,3,花睿哲,模拟考勤异常记录,2026-04-26T18:01:54,2026-04-26T18:01:54
265,35,2023DS02035,昌鹏飞,6,数据科学与大数据技术2302班,18,线性代数,2026-04-19,normal,3,花睿哲,,2026-04-26T18:01:54,2026-04-26T18:01:54
266,35,2023DS02035,昌鹏飞,6,数据科学与大数据技术2302班,19,大学物理,2026-03-29,leave,3,花睿哲,模拟考勤异常记录,2026-04-26T18:01:54,2026-04-26T18:01:54
267,35,2023DS02035,昌鹏飞,6,数据科学与大数据技术2302班,19,大学物理,2026-03-28,late,3,花睿哲,模拟考勤异常记录,2026-04-26T18:01:54,2026-04-26T18:01:54
268,35,2023DS02035,昌鹏飞,6,数据科学与大数据技术2302班,14,移动应用开发,2026-04-03,normal,2,魏静怡,,2026-04-26T18:01:54,2026-04-26T18:01:54
269,35,2023DS02035,昌鹏飞,6,数据科学与大数据技术2302班,14,移动应用开发,2026-04-20,leave_early,2,魏静怡,模拟考勤异常记录,2026-04-26T18:01:54,2026-04-26T18:01:54
270,35,2023DS02035,昌鹏飞,6,数据科学与大数据技术2302班,18,线性代数,2026-04-20,leave_early,3,花睿哲,模拟考勤异常记录,2026-04-26T18:01:54,2026-04-26T18:01:54
271,35,2023DS02035,昌鹏飞,6,数据科学与大数据技术2302班,14,移动应用开发,2026-04-13,absent,2,魏静怡,模拟考勤异常记录,2026-04-26T18:01:54,2026-04-26T18:01:54
272,36,2021CS03036,袁佳宁,7,计算机科学与技术2103班,7,Python程序设计,2026-04-15,normal,2,魏静怡,,2026-04-26T18:01:54,2026-04-26T18:01:54
273,36,2021CS03036,袁佳宁,7,计算机科学与技术2103班,7,Python程序设计,2026-04-01,leave_early,2,魏静怡,模拟考勤异常记录,2026-04-26T18:01:54,2026-04-26T18:01:54
274,36,2021CS03036,袁佳宁,7,计算机科学与技术2103班,7,Python程序设计,2026-04-16,absent,2,魏静怡,模拟考勤异常记录,2026-04-26T18:01:54,2026-04-26T18:01:54
275,36,2021CS03036,袁佳宁,7,计算机科学与技术2103班,7,Python程序设计,2026-04-20,leave,2,魏静怡,模拟考勤异常记录,2026-04-26T18:01:54,2026-04-26T18:01:54
276,36,2021CS03036,袁佳宁,7,计算机科学与技术2103班,7,Python程序设计,2026-04-14,normal,2,魏静怡,,2026-04-26T18:01:54,2026-04-26T18:01:54
277,36,2021CS03036,袁佳宁,7,计算机科学与技术2103班,7,Python程序设计,2026-04-18,normal,2,魏静怡,,2026-04-26T18:01:54,2026-04-26T18:01:54
278,36,2021CS03036,袁佳宁,7,计算机科学与技术2103班,7,Python程序设计,2026-03-27,normal,2,魏静怡,,2026-04-26T18:01:54,2026-04-26T18:01:54
279,37,2022DS02037,沈慧敏,5,数据科学与大数据技术2202班,9,大学英语,2026-04-10,absent,7,云承泽,模拟考勤异常记录,2026-04-26T18:01:54,2026-04-26T18:01:54
280,37,2022DS02037,沈慧敏,5,数据科学与大数据技术2202班,10,体育,2026-04-16,late,7,云承泽,模拟考勤异常记录,2026-04-26T18:01:54,2026-04-26T18:01:54
281,37,2022DS02037,沈慧敏,5,数据科学与大数据技术2202班,4,数据结构,2026-04-06,absent,4,姜婉婷,模拟考勤异常记录,2026-04-26T18:01:54,2026-04-26T18:01:54
282,37,2022DS02037,沈慧敏,5,数据科学与大数据技术2202班,11,计算机网络,2026-04-04,normal,8,任景行,,2026-04-26T18:01:54,2026-04-26T18:01:54
283,37,2022DS02037,沈慧敏,5,数据科学与大数据技术2202班,9,大学英语,2026-04-20,late,7,云承泽,模拟考勤异常记录,2026-04-26T18:01:54,2026-04-26T18:01:54
284,37,2022DS02037,沈慧敏,5,数据科学与大数据技术2202班,16,信息安全基础,2026-04-16,normal,3,花睿哲,,2026-04-26T18:01:54,2026-04-26T18:01:54
285,37,2022DS02037,沈慧敏,5,数据科学与大数据技术2202班,16,信息安全基础,2026-04-17,normal,3,花睿哲,,2026-04-26T18:01:54,2026-04-26T18:01:54
286,37,2022DS02037,沈慧敏,5,数据科学与大数据技术2202班,16,信息安全基础,2026-04-24,normal,3,花睿哲,,2026-04-26T18:01:54,2026-04-26T18:01:54
287,38,2021ECOM01038,吴梦瑶,1,电子商务2101班,10,体育,2026-04-21,normal,7,云承泽,,2026-04-26T18:01:54,2026-04-26T18:01:54
288,38,2021ECOM01038,吴梦瑶,1,电子商务2101班,7,Python程序设计,2026-04-14,normal,2,魏静怡,,2026-04-26T18:01:54,2026-04-26T18:01:54
289,38,2021ECOM01038,吴梦瑶,1,电子商务2101班,1,Java程序设计,2026-04-14,normal,8,任景行,,2026-04-26T18:01:54,2026-04-26T18:01:54
290,38,2021ECOM01038,吴梦瑶,1,电子商务2101班,17,高等数学,2026-04-19,normal,2,魏静怡,,2026-04-26T18:01:54,2026-04-26T18:01:54
291,38,2021ECOM01038,吴梦瑶,1,电子商务2101班,16,信息安全基础,2026-03-28,late,3,花睿哲,模拟考勤异常记录,2026-04-26T18:01:54,2026-04-26T18:01:54
292,38,2021ECOM01038,吴梦瑶,1,电子商务2101班,20,创新创业基础,2026-04-22,normal,5,奚宇航,,2026-04-26T18:01:54,2026-04-26T18:01:54
293,38,2021ECOM01038,吴梦瑶,1,电子商务2101班,3,Web前端开发,2026-04-02,leave_early,7,云承泽,模拟考勤异常记录,2026-04-26T18:01:54,2026-04-26T18:01:54
294,38,2021ECOM01038,吴梦瑶,1,电子商务2101班,5,操作系统,2026-04-01,late,5,奚宇航,模拟考勤异常记录,2026-04-26T18:01:54,2026-04-26T18:01:54
295,39,2023ECOM02039,曹子涵,8,电子商务2302班,2,数据库原理,2026-03-27,leave_early,2,魏静怡,模拟考勤异常记录,2026-04-26T18:01:54,2026-04-26T18:01:54
296,39,2023ECOM02039,曹子涵,8,电子商务2302班,19,大学物理,2026-03-28,leave_early,3,花睿哲,模拟考勤异常记录,2026-04-26T18:01:54,2026-04-26T18:01:54
297,39,2023ECOM02039,曹子涵,8,电子商务2302班,19,大学物理,2026-04-03,normal,3,花睿哲,,2026-04-26T18:01:54,2026-04-26T18:01:54
298,39,2023ECOM02039,曹子涵,8,电子商务2302班,2,数据库原理,2026-04-17,normal,2,魏静怡,,2026-04-26T18:01:54,2026-04-26T18:01:54
299,39,2023ECOM02039,曹子涵,8,电子商务2302班,19,大学物理,2026-04-07,normal,3,花睿哲,,2026-04-26T18:01:54,2026-04-26T18:01:54
300,39,2023ECOM02039,曹子涵,8,电子商务2302班,8,人工智能基础,2026-03-27,late,1,彭佳怡,模拟考勤异常记录,2026-04-26T18:01:54,2026-04-26T18:01:54
301,39,2023ECOM02039,曹子涵,8,电子商务2302班,20,创新创业基础,2026-04-20,normal,5,奚宇航,,2026-04-26T18:01:54,2026-04-26T18:01:54
302,39,2023ECOM02039,曹子涵,8,电子商务2302班,19,大学物理,2026-04-16,normal,3,花睿哲,,2026-04-26T18:01:54,2026-04-26T18:01:54
303,40,2021CS03040,昌文博,7,计算机科学与技术2103班,7,Python程序设计,2026-04-05,absent,2,魏静怡,模拟考勤异常记录,2026-04-26T18:01:54,2026-04-26T18:01:54
304,40,2021CS03040,昌文博,7,计算机科学与技术2103班,7,Python程序设计,2026-04-23,normal,2,魏静怡,,2026-04-26T18:01:54,2026-04-26T18:01:54
305,40,2021CS03040,昌文博,7,计算机科学与技术2103班,7,Python程序设计,2026-04-11,normal,2,魏静怡,,2026-04-26T18:01:54,2026-04-26T18:01:54
306,40,2021CS03040,昌文博,7,计算机科学与技术2103班,7,Python程序设计,2026-04-22,normal,2,魏静怡,,2026-04-26T18:01:54,2026-04-26T18:01:54
307,40,2021CS03040,昌文博,7,计算机科学与技术2103班,7,Python程序设计,2026-04-04,leave,2,魏静怡,模拟考勤异常记录,2026-04-26T18:01:54,2026-04-26T18:01:54
308,40,2021CS03040,昌文博,7,计算机科学与技术2103班,7,Python程序设计,2026-04-10,normal,2,魏静怡,,2026-04-26T18:01:54,2026-04-26T18:01:54
309,40,2021CS03040,昌文博,7,计算机科学与技术2103班,7,Python程序设计,2026-03-27,absent,2,魏静怡,模拟考勤异常记录,2026-04-26T18:01:54,2026-04-26T18:01:54
310,40,2021CS03040,昌文博,7,计算机科学与技术2103班,7,Python程序设计,2026-04-13,late,2,魏静怡,模拟考勤异常记录,2026-04-26T18:01:54,2026-04-26T18:01:54
311,41,2021CS02041,喻国强,2,计算机科学与技术2102班,2,数据库原理,2026-03-29,leave,2,魏静怡,模拟考勤异常记录,2026-04-26T18:01:54,2026-04-26T18:01:54
312,41,2021CS02041,喻国强,2,计算机科学与技术2102班,12,离散数学,2026-04-17,leave_early,8,任景行,模拟考勤异常记录,2026-04-26T18:01:54,2026-04-26T18:01:54
313,41,2021CS02041,喻国强,2,计算机科学与技术2102班,4,数据结构,2026-04-07,leave_early,4,姜婉婷,模拟考勤异常记录,2026-04-26T18:01:54,2026-04-26T18:01:54
314,41,2021CS02041,喻国强,2,计算机科学与技术2102班,14,移动应用开发,2026-04-05,absent,2,魏静怡,模拟考勤异常记录,2026-04-26T18:01:54,2026-04-26T18:01:54
315,41,2021CS02041,喻国强,2,计算机科学与技术2102班,8,人工智能基础,2026-04-23,late,1,彭佳怡,模拟考勤异常记录,2026-04-26T18:01:54,2026-04-26T18:01:54
316,41,2021CS02041,喻国强,2,计算机科学与技术2102班,11,计算机网络,2026-04-24,normal,8,任景行,,2026-04-26T18:01:54,2026-04-26T18:01:54
317,41,2021CS02041,喻国强,2,计算机科学与技术2102班,12,离散数学,2026-04-01,late,8,任景行,模拟考勤异常记录,2026-04-26T18:01:54,2026-04-26T18:01:54
318,41,2021CS02041,喻国强,2,计算机科学与技术2102班,20,创新创业基础,2026-04-05,normal,5,奚宇航,,2026-04-26T18:01:54,2026-04-26T18:01:54
319,42,2023DS02042,尤可欣,6,数据科学与大数据技术2302班,14,移动应用开发,2026-03-27,normal,2,魏静怡,,2026-04-26T18:01:54,2026-04-26T18:01:54
320,42,2023DS02042,尤可欣,6,数据科学与大数据技术2302班,14,移动应用开发,2026-03-30,late,2,魏静怡,模拟考勤异常记录,2026-04-26T18:01:54,2026-04-26T18:01:54
321,42,2023DS02042,尤可欣,6,数据科学与大数据技术2302班,18,线性代数,2026-04-15,normal,3,花睿哲,,2026-04-26T18:01:54,2026-04-26T18:01:54
322,42,2023DS02042,尤可欣,6,数据科学与大数据技术2302班,14,移动应用开发,2026-03-29,leave_early,2,魏静怡,模拟考勤异常记录,2026-04-26T18:01:54,2026-04-26T18:01:54
323,42,2023DS02042,尤可欣,6,数据科学与大数据技术2302班,14,移动应用开发,2026-04-12,normal,2,魏静怡,,2026-04-26T18:01:54,2026-04-26T18:01:54
324,42,2023DS02042,尤可欣,6,数据科学与大数据技术2302班,19,大学物理,2026-04-24,absent,3,花睿哲,模拟考勤异常记录,2026-04-26T18:01:54,2026-04-26T18:01:54
325,42,2023DS02042,尤可欣,6,数据科学与大数据技术2302班,14,移动应用开发,2026-04-08,leave,2,魏静怡,模拟考勤异常记录,2026-04-26T18:01:54,2026-04-26T18:01:54
326,42,2023DS02042,尤可欣,6,数据科学与大数据技术2302班,18,线性代数,2026-04-03,normal,3,花睿哲,,2026-04-26T18:01:54,2026-04-26T18:01:54
327,43,2024AI02043,孔昊然,4,人工智能2402班,17,高等数学,2026-03-30,normal,2,魏静怡,,2026-04-26T18:01:54,2026-04-26T18:01:54
328,43,2024AI02043,孔昊然,4,人工智能2402班,13,Linux操作系统,2026-03-28,normal,2,魏静怡,,2026-04-26T18:01:54,2026-04-26T18:01:54
329,43,2024AI02043,孔昊然,4,人工智能2402班,13,Linux操作系统,2026-04-05,normal,2,魏静怡,,2026-04-26T18:01:54,2026-04-26T18:01:54
330,43,2024AI02043,孔昊然,4,人工智能2402班,17,高等数学,2026-04-07,normal,2,魏静怡,,2026-04-26T18:01:54,2026-04-26T18:01:54
331,43,2024AI02043,孔昊然,4,人工智能2402班,1,Java程序设计,2026-04-14,late,8,任景行,模拟考勤异常记录,2026-04-26T18:01:54,2026-04-26T18:01:54
332,43,2024AI02043,孔昊然,4,人工智能2402班,12,离散数学,2026-04-01,normal,8,任景行,,2026-04-26T18:01:54,2026-04-26T18:01:54
333,43,2024AI02043,孔昊然,4,人工智能2402班,13,Linux操作系统,2026-04-21,normal,2,魏静怡,,2026-04-26T18:01:54,2026-04-26T18:01:54
334,43,2024AI02043,孔昊然,4,人工智能2402班,5,操作系统,2026-04-22,normal,5,奚宇航,,2026-04-26T18:01:54,2026-04-26T18:01:54
335,44,2022DS02044,葛思琪,5,数据科学与大数据技术2202班,10,体育,2026-04-01,normal,7,云承泽,,2026-04-26T18:01:54,2026-04-26T18:01:54
336,44,2022DS02044,葛思琪,5,数据科学与大数据技术2202班,6,软件工程导论,2026-04-24,leave,5,奚宇航,模拟考勤异常记录,2026-04-26T18:01:54,2026-04-26T18:01:54
337,44,2022DS02044,葛思琪,5,数据科学与大数据技术2202班,10,体育,2026-04-17,normal,7,云承泽,,2026-04-26T18:01:54,2026-04-26T18:01:54
338,44,2022DS02044,葛思琪,5,数据科学与大数据技术2202班,4,数据结构,2026-04-21,absent,4,姜婉婷,模拟考勤异常记录,2026-04-26T18:01:54,2026-04-26T18:01:54
339,44,2022DS02044,葛思琪,5,数据科学与大数据技术2202班,16,信息安全基础,2026-04-22,normal,3,花睿哲,,2026-04-26T18:01:54,2026-04-26T18:01:54
340,44,2022DS02044,葛思琪,5,数据科学与大数据技术2202班,10,体育,2026-03-29,normal,7,云承泽,,2026-04-26T18:01:54,2026-04-26T18:01:54
341,44,2022DS02044,葛思琪,5,数据科学与大数据技术2202班,4,数据结构,2026-04-13,leave_early,4,姜婉婷,模拟考勤异常记录,2026-04-26T18:01:54,2026-04-26T18:01:54
342,44,2022DS02044,葛思琪,5,数据科学与大数据技术2202班,11,计算机网络,2026-04-25,normal,8,任景行,,2026-04-26T18:01:54,2026-04-26T18:01:54
343,45,2023ECOM02045,奚景行,8,电子商务2302班,20,创新创业基础,2026-04-12,normal,5,奚宇航,,2026-04-26T18:01:54,2026-04-26T18:01:54
344,45,2023ECOM02045,奚景行,8,电子商务2302班,2,数据库原理,2026-04-02,normal,2,魏静怡,,2026-04-26T18:01:54,2026-04-26T18:01:54
345,45,2023ECOM02045,奚景行,8,电子商务2302班,8,人工智能基础,2026-04-05,leave,1,彭佳怡,模拟考勤异常记录,2026-04-26T18:01:54,2026-04-26T18:01:54
346,45,2023ECOM02045,奚景行,8,电子商务2302班,18,线性代数,2026-04-03,normal,3,花睿哲,,2026-04-26T18:01:54,2026-04-26T18:01:54
347,45,2023ECOM02045,奚景行,8,电子商务2302班,20,创新创业基础,2026-04-02,normal,5,奚宇航,,2026-04-26T18:01:54,2026-04-26T18:01:54
348,45,2023ECOM02045,奚景行,8,电子商务2302班,2,数据库原理,2026-04-18,normal,2,魏静怡,,2026-04-26T18:01:54,2026-04-26T18:01:54
349,45,2023ECOM02045,奚景行,8,电子商务2302班,20,创新创业基础,2026-04-03,late,5,奚宇航,模拟考勤异常记录,2026-04-26T18:01:54,2026-04-26T18:01:54
350,45,2023ECOM02045,奚景行,8,电子商务2302班,14,移动应用开发,2026-04-06,normal,2,魏静怡,,2026-04-26T18:01:54,2026-04-26T18:01:54
351,46,2021ECOM01046,谢语嫣,1,电子商务2101班,10,体育,2026-03-30,leave_early,7,云承泽,模拟考勤异常记录,2026-04-26T18:01:54,2026-04-26T18:01:54
352,46,2021ECOM01046,谢语嫣,1,电子商务2101班,11,计算机网络,2026-04-14,normal,8,任景行,,2026-04-26T18:01:54,2026-04-26T18:01:54
353,46,2021ECOM01046,谢语嫣,1,电子商务2101班,6,软件工程导论,2026-03-28,leave_early,5,奚宇航,模拟考勤异常记录,2026-04-26T18:01:54,2026-04-26T18:01:54
354,46,2021ECOM01046,谢语嫣,1,电子商务2101班,10,体育,2026-04-12,normal,7,云承泽,,2026-04-26T18:01:54,2026-04-26T18:01:54
355,46,2021ECOM01046,谢语嫣,1,电子商务2101班,1,Java程序设计,2026-04-26,normal,8,任景行,,2026-04-26T18:01:54,2026-04-26T18:01:54
356,46,2021ECOM01046,谢语嫣,1,电子商务2101班,8,人工智能基础,2026-04-03,absent,1,彭佳怡,模拟考勤异常记录,2026-04-26T18:01:54,2026-04-26T18:01:54
357,46,2021ECOM01046,谢语嫣,1,电子商务2101班,4,数据结构,2026-04-04,late,4,姜婉婷,模拟考勤异常记录,2026-04-26T18:01:54,2026-04-26T18:01:54
358,46,2021ECOM01046,谢语嫣,1,电子商务2101班,5,操作系统,2026-03-29,normal,5,奚宇航,,2026-04-26T18:01:54,2026-04-26T18:01:54
359,47,2021CS03047,韩睿哲,7,计算机科学与技术2103班,7,Python程序设计,2026-04-24,late,2,魏静怡,模拟考勤异常记录,2026-04-26T18:01:54,2026-04-26T18:01:54
360,47,2021CS03047,韩睿哲,7,计算机科学与技术2103班,7,Python程序设计,2026-04-07,leave,2,魏静怡,模拟考勤异常记录,2026-04-26T18:01:54,2026-04-26T18:01:54
361,47,2021CS03047,韩睿哲,7,计算机科学与技术2103班,7,Python程序设计,2026-04-02,leave_early,2,魏静怡,模拟考勤异常记录,2026-04-26T18:01:54,2026-04-26T18:01:54
362,47,2021CS03047,韩睿哲,7,计算机科学与技术2103班,7,Python程序设计,2026-04-26,normal,2,魏静怡,,2026-04-26T18:01:54,2026-04-26T18:01:54
363,47,2021CS03047,韩睿哲,7,计算机科学与技术2103班,7,Python程序设计,2026-04-08,leave_early,2,魏静怡,模拟考勤异常记录,2026-04-26T18:01:54,2026-04-26T18:01:54
364,47,2021CS03047,韩睿哲,7,计算机科学与技术2103班,7,Python程序设计,2026-03-29,normal,2,魏静怡,,2026-04-26T18:01:54,2026-04-26T18:01:54
365,47,2021CS03047,韩睿哲,7,计算机科学与技术2103班,7,Python程序设计,2026-04-17,normal,2,魏静怡,,2026-04-26T18:01:54,2026-04-26T18:01:54
366,48,2023ECOM02048,韦晓彤,8,电子商务2302班,18,线性代数,2026-04-19,leave,3,花睿哲,模拟考勤异常记录,2026-04-26T18:01:54,2026-04-26T18:01:54
367,48,2023ECOM02048,韦晓彤,8,电子商务2302班,2,数据库原理,2026-04-02,normal,2,魏静怡,,2026-04-26T18:01:54,2026-04-26T18:01:54
368,48,2023ECOM02048,韦晓彤,8,电子商务2302班,8,人工智能基础,2026-04-10,normal,1,彭佳怡,,2026-04-26T18:01:54,2026-04-26T18:01:54
369,48,2023ECOM02048,韦晓彤,8,电子商务2302班,14,移动应用开发,2026-04-04,late,2,魏静怡,模拟考勤异常记录,2026-04-26T18:01:54,2026-04-26T18:01:54
370,48,2023ECOM02048,韦晓彤,8,电子商务2302班,19,大学物理,2026-04-20,leave_early,3,花睿哲,模拟考勤异常记录,2026-04-26T18:01:54,2026-04-26T18:01:54
371,48,2023ECOM02048,韦晓彤,8,电子商务2302班,20,创新创业基础,2026-04-22,normal,5,奚宇航,,2026-04-26T18:01:54,2026-04-26T18:01:54
372,48,2023ECOM02048,韦晓彤,8,电子商务2302班,20,创新创业基础,2026-04-24,normal,5,奚宇航,,2026-04-26T18:01:54,2026-04-26T18:01:54
373,49,2021SE02049,窦博文,3,软件工程2102班,3,Web前端开发,2026-03-27,normal,7,云承泽,,2026-04-26T18:01:54,2026-04-26T18:01:54
374,49,2021SE02049,窦博文,3,软件工程2102班,3,Web前端开发,2026-03-31,normal,7,云承泽,,2026-04-26T18:01:54,2026-04-26T18:01:54
375,49,2021SE02049,窦博文,3,软件工程2102班,3,Web前端开发,2026-04-18,late,7,云承泽,模拟考勤异常记录,2026-04-26T18:01:54,2026-04-26T18:01:54
376,49,2021SE02049,窦博文,3,软件工程2102班,3,Web前端开发,2026-04-04,normal,7,云承泽,,2026-04-26T18:01:54,2026-04-26T18:01:54
377,49,2021SE02049,窦博文,3,软件工程2102班,3,Web前端开发,2026-04-23,leave_early,7,云承泽,模拟考勤异常记录,2026-04-26T18:01:54,2026-04-26T18:01:54
378,49,2021SE02049,窦博文,3,软件工程2102班,3,Web前端开发,2026-04-17,normal,7,云承泽,,2026-04-26T18:01:54,2026-04-26T18:01:54
379,49,2021SE02049,窦博文,3,软件工程2102班,3,Web前端开发,2026-04-26,normal,7,云承泽,,2026-04-26T18:01:54,2026-04-26T18:01:54
380,49,2021SE02049,窦博文,3,软件工程2102班,3,Web前端开发,2026-04-20,leave_early,7,云承泽,模拟考勤异常记录,2026-04-26T18:01:54,2026-04-26T18:01:54
381,50,2023DS02050,郑一鸣,6,数据科学与大数据技术2302班,19,大学物理,2026-04-08,normal,3,花睿哲,,2026-04-26T18:01:54,2026-04-26T18:01:54
382,50,2023DS02050,郑一鸣,6,数据科学与大数据技术2302班,19,大学物理,2026-04-19,normal,3,花睿哲,,2026-04-26T18:01:54,2026-04-26T18:01:54
383,50,2023DS02050,郑一鸣,6,数据科学与大数据技术2302班,19,大学物理,2026-04-16,normal,3,花睿哲,,2026-04-26T18:01:54,2026-04-26T18:01:54
384,50,2023DS02050,郑一鸣,6,数据科学与大数据技术2302班,19,大学物理,2026-04-20,normal,3,花睿哲,,2026-04-26T18:01:54,2026-04-26T18:01:54
385,50,2023DS02050,郑一鸣,6,数据科学与大数据技术2302班,14,移动应用开发,2026-04-19,normal,2,魏静怡,,2026-04-26T18:01:54,2026-04-26T18:01:54
386,50,2023DS02050,郑一鸣,6,数据科学与大数据技术2302班,18,线性代数,2026-04-25,leave,3,花睿哲,模拟考勤异常记录,2026-04-26T18:01:54,2026-04-26T18:01:54
387,50,2023DS02050,郑一鸣,6,数据科学与大数据技术2302班,18,线性代数,2026-04-23,leave,3,花睿哲,模拟考勤异常记录,2026-04-26T18:01:54,2026-04-26T18:01:54
388,50,2023DS02050,郑一鸣,6,数据科学与大数据技术2302班,18,线性代数,2026-04-26,normal,3,花睿哲,,2026-04-26T18:01:54,2026-04-26T18:01:54
389,51,2023ECOM02051,窦丽娜,8,电子商务2302班,20,创新创业基础,2026-04-08,normal,5,奚宇航,,2026-04-26T18:01:54,2026-04-26T18:01:54
390,51,2023ECOM02051,窦丽娜,8,电子商务2302班,14,移动应用开发,2026-04-22,absent,2,魏静怡,模拟考勤异常记录,2026-04-26T18:01:54,2026-04-26T18:01:54
391,51,2023ECOM02051,窦丽娜,8,电子商务2302班,14,移动应用开发,2026-04-09,late,2,魏静怡,模拟考勤异常记录,2026-04-26T18:01:54,2026-04-26T18:01:54
392,51,2023ECOM02051,窦丽娜,8,电子商务2302班,20,创新创业基础,2026-03-27,late,5,奚宇航,模拟考勤异常记录,2026-04-26T18:01:54,2026-04-26T18:01:54
393,51,2023ECOM02051,窦丽娜,8,电子商务2302班,18,线性代数,2026-04-09,leave_early,3,花睿哲,模拟考勤异常记录,2026-04-26T18:01:54,2026-04-26T18:01:54
394,51,2023ECOM02051,窦丽娜,8,电子商务2302班,2,数据库原理,2026-04-10,late,2,魏静怡,模拟考勤异常记录,2026-04-26T18:01:54,2026-04-26T18:01:54
395,51,2023ECOM02051,窦丽娜,8,电子商务2302班,18,线性代数,2026-04-15,leave,3,花睿哲,模拟考勤异常记录,2026-04-26T18:01:54,2026-04-26T18:01:54
396,51,2023ECOM02051,窦丽娜,8,电子商务2302班,19,大学物理,2026-04-13,normal,3,花睿哲,,2026-04-26T18:01:54,2026-04-26T18:01:54
397,52,2021ECOM01052,袁俊杰,1,电子商务2101班,14,移动应用开发,2026-04-04,leave,2,魏静怡,模拟考勤异常记录,2026-04-26T18:01:54,2026-04-26T18:01:54
398,52,2021ECOM01052,袁俊杰,1,电子商务2101班,12,离散数学,2026-03-28,normal,8,任景行,,2026-04-26T18:01:54,2026-04-26T18:01:54
399,52,2021ECOM01052,袁俊杰,1,电子商务2101班,3,Web前端开发,2026-04-20,normal,7,云承泽,,2026-04-26T18:01:54,2026-04-26T18:01:54
400,52,2021ECOM01052,袁俊杰,1,电子商务2101班,14,移动应用开发,2026-04-09,leave,2,魏静怡,模拟考勤异常记录,2026-04-26T18:01:54,2026-04-26T18:01:54
401,52,2021ECOM01052,袁俊杰,1,电子商务2101班,17,高等数学,2026-04-18,leave_early,2,魏静怡,模拟考勤异常记录,2026-04-26T18:01:54,2026-04-26T18:01:54
402,52,2021ECOM01052,袁俊杰,1,电子商务2101班,14,移动应用开发,2026-04-19,normal,2,魏静怡,,2026-04-26T18:01:54,2026-04-26T18:01:54
403,52,2021ECOM01052,袁俊杰,1,电子商务2101班,6,软件工程导论,2026-04-24,normal,5,奚宇航,,2026-04-26T18:01:54,2026-04-26T18:01:54
404,52,2021ECOM01052,袁俊杰,1,电子商务2101班,2,数据库原理,2026-04-22,late,2,魏静怡,模拟考勤异常记录,2026-04-26T18:01:54,2026-04-26T18:01:54
405,53,2021ECOM01053,窦鹏飞,1,电子商务2101班,17,高等数学,2026-04-08,normal,2,魏静怡,,2026-04-26T18:01:54,2026-04-26T18:01:54
406,53,2021ECOM01053,窦鹏飞,1,电子商务2101班,7,Python程序设计,2026-04-04,normal,2,魏静怡,,2026-04-26T18:01:54,2026-04-26T18:01:54
407,53,2021ECOM01053,窦鹏飞,1,电子商务2101班,9,大学英语,2026-03-28,normal,7,云承泽,,2026-04-26T18:01:54,2026-04-26T18:01:54
408,53,2021ECOM01053,窦鹏飞,1,电子商务2101班,5,操作系统,2026-04-20,normal,5,奚宇航,,2026-04-26T18:01:54,2026-04-26T18:01:54
409,53,2021ECOM01053,窦鹏飞,1,电子商务2101班,19,大学物理,2026-04-13,leave_early,3,花睿哲,模拟考勤异常记录,2026-04-26T18:01:54,2026-04-26T18:01:54
410,53,2021ECOM01053,窦鹏飞,1,电子商务2101班,17,高等数学,2026-04-09,normal,2,魏静怡,,2026-04-26T18:01:54,2026-04-26T18:01:54
411,53,2021ECOM01053,窦鹏飞,1,电子商务2101班,10,体育,2026-04-15,normal,7,云承泽,,2026-04-26T18:01:54,2026-04-26T18:01:54
412,53,2021ECOM01053,窦鹏飞,1,电子商务2101班,4,数据结构,2026-04-21,normal,4,姜婉婷,,2026-04-26T18:01:54,2026-04-26T18:01:54
413,54,2021SE02054,鲍沐晴,3,软件工程2102班,3,Web前端开发,2026-04-15,late,7,云承泽,模拟考勤异常记录,2026-04-26T18:01:54,2026-04-26T18:01:54
414,54,2021SE02054,鲍沐晴,3,软件工程2102班,3,Web前端开发,2026-04-02,normal,7,云承泽,,2026-04-26T18:01:54,2026-04-26T18:01:54
415,54,2021SE02054,鲍沐晴,3,软件工程2102班,3,Web前端开发,2026-04-06,late,7,云承泽,模拟考勤异常记录,2026-04-26T18:01:54,2026-04-26T18:01:54
416,54,2021SE02054,鲍沐晴,3,软件工程2102班,3,Web前端开发,2026-04-12,normal,7,云承泽,,2026-04-26T18:01:54,2026-04-26T18:01:54
417,54,2021SE02054,鲍沐晴,3,软件工程2102班,3,Web前端开发,2026-04-23,late,7,云承泽,模拟考勤异常记录,2026-04-26T18:01:54,2026-04-26T18:01:54
418,54,2021SE02054,鲍沐晴,3,软件工程2102班,3,Web前端开发,2026-04-14,leave,7,云承泽,模拟考勤异常记录,2026-04-26T18:01:54,2026-04-26T18:01:54
419,54,2021SE02054,鲍沐晴,3,软件工程2102班,3,Web前端开发,2026-04-18,leave_early,7,云承泽,模拟考勤异常记录,2026-04-26T18:01:54,2026-04-26T18:01:54
420,55,2021CS03055,凤可欣,7,计算机科学与技术2103班,7,Python程序设计,2026-04-14,normal,2,魏静怡,,2026-04-26T18:01:54,2026-04-26T18:01:54
421,55,2021CS03055,凤可欣,7,计算机科学与技术2103班,7,Python程序设计,2026-04-26,leave_early,2,魏静怡,模拟考勤异常记录,2026-04-26T18:01:54,2026-04-26T18:01:54
422,55,2021CS03055,凤可欣,7,计算机科学与技术2103班,7,Python程序设计,2026-03-28,normal,2,魏静怡,,2026-04-26T18:01:54,2026-04-26T18:01:54
423,55,2021CS03055,凤可欣,7,计算机科学与技术2103班,7,Python程序设计,2026-04-05,normal,2,魏静怡,,2026-04-26T18:01:54,2026-04-26T18:01:54
424,55,2021CS03055,凤可欣,7,计算机科学与技术2103班,7,Python程序设计,2026-04-07,normal,2,魏静怡,,2026-04-26T18:01:54,2026-04-26T18:01:54
425,55,2021CS03055,凤可欣,7,计算机科学与技术2103班,7,Python程序设计,2026-04-24,leave,2,魏静怡,模拟考勤异常记录,2026-04-26T18:01:54,2026-04-26T18:01:54
426,56,2023DS02056,钱沐晴,6,数据科学与大数据技术2302班,14,移动应用开发,2026-04-20,absent,2,魏静怡,模拟考勤异常记录,2026-04-26T18:01:54,2026-04-26T18:01:54
427,56,2023DS02056,钱沐晴,6,数据科学与大数据技术2302班,18,线性代数,2026-04-12,normal,3,花睿哲,,2026-04-26T18:01:54,2026-04-26T18:01:54
428,56,2023DS02056,钱沐晴,6,数据科学与大数据技术2302班,14,移动应用开发,2026-04-24,normal,2,魏静怡,,2026-04-26T18:01:54,2026-04-26T18:01:54
429,56,2023DS02056,钱沐晴,6,数据科学与大数据技术2302班,18,线性代数,2026-04-17,normal,3,花睿哲,,2026-04-26T18:01:54,2026-04-26T18:01:54
430,56,2023DS02056,钱沐晴,6,数据科学与大数据技术2302班,19,大学物理,2026-04-24,normal,3,花睿哲,,2026-04-26T18:01:54,2026-04-26T18:01:54
431,56,2023DS02056,钱沐晴,6,数据科学与大数据技术2302班,14,移动应用开发,2026-04-22,normal,2,魏静怡,,2026-04-26T18:01:54,2026-04-26T18:01:54
432,56,2023DS02056,钱沐晴,6,数据科学与大数据技术2302班,19,大学物理,2026-04-04,normal,3,花睿哲,,2026-04-26T18:01:54,2026-04-26T18:01:54
433,56,2023DS02056,钱沐晴,6,数据科学与大数据技术2302班,18,线性代数,2026-04-06,normal,3,花睿哲,,2026-04-26T18:01:54,2026-04-26T18:01:54
434,57,2021SE02057,昌雪晴,3,软件工程2102班,3,Web前端开发,2026-04-03,normal,7,云承泽,,2026-04-26T18:01:54,2026-04-26T18:01:54
435,57,2021SE02057,昌雪晴,3,软件工程2102班,3,Web前端开发,2026-03-29,normal,7,云承泽,,2026-04-26T18:01:54,2026-04-26T18:01:54
436,57,2021SE02057,昌雪晴,3,软件工程2102班,3,Web前端开发,2026-04-15,normal,7,云承泽,,2026-04-26T18:01:54,2026-04-26T18:01:54
437,57,2021SE02057,昌雪晴,3,软件工程2102班,3,Web前端开发,2026-04-02,normal,7,云承泽,,2026-04-26T18:01:54,2026-04-26T18:01:54
438,57,2021SE02057,昌雪晴,3,软件工程2102班,3,Web前端开发,2026-04-10,late,7,云承泽,模拟考勤异常记录,2026-04-26T18:01:54,2026-04-26T18:01:54
439,57,2021SE02057,昌雪晴,3,软件工程2102班,3,Web前端开发,2026-03-30,normal,7,云承泽,,2026-04-26T18:01:54,2026-04-26T18:01:54
440,57,2021SE02057,昌雪晴,3,软件工程2102班,3,Web前端开发,2026-04-09,normal,7,云承泽,,2026-04-26T18:01:54,2026-04-26T18:01:54
441,57,2021SE02057,昌雪晴,3,软件工程2102班,3,Web前端开发,2026-04-01,normal,7,云承泽,,2026-04-26T18:01:54,2026-04-26T18:01:54
442,58,2021SE02058,陶鹏飞,3,软件工程2102班,3,Web前端开发,2026-04-23,leave_early,7,云承泽,模拟考勤异常记录,2026-04-26T18:01:54,2026-04-26T18:01:54
443,58,2021SE02058,陶鹏飞,3,软件工程2102班,3,Web前端开发,2026-04-05,normal,7,云承泽,,2026-04-26T18:01:54,2026-04-26T18:01:54
444,58,2021SE02058,陶鹏飞,3,软件工程2102班,3,Web前端开发,2026-03-27,absent,7,云承泽,模拟考勤异常记录,2026-04-26T18:01:54,2026-04-26T18:01:54
445,58,2021SE02058,陶鹏飞,3,软件工程2102班,3,Web前端开发,2026-04-20,normal,7,云承泽,,2026-04-26T18:01:54,2026-04-26T18:01:54
446,58,2021SE02058,陶鹏飞,3,软件工程2102班,3,Web前端开发,2026-04-19,normal,7,云承泽,,2026-04-26T18:01:54,2026-04-26T18:01:54
447,58,2021SE02058,陶鹏飞,3,软件工程2102班,3,Web前端开发,2026-03-29,leave,7,云承泽,模拟考勤异常记录,2026-04-26T18:01:54,2026-04-26T18:01:54
448,58,2021SE02058,陶鹏飞,3,软件工程2102班,3,Web前端开发,2026-04-17,normal,7,云承泽,,2026-04-26T18:01:54,2026-04-26T18:01:54
449,58,2021SE02058,陶鹏飞,3,软件工程2102班,3,Web前端开发,2026-03-28,normal,7,云承泽,,2026-04-26T18:01:54,2026-04-26T18:01:54
450,59,2023ECOM02059,冯雪晴,8,电子商务2302班,18,线性代数,2026-04-04,absent,3,花睿哲,模拟考勤异常记录,2026-04-26T18:01:54,2026-04-26T18:01:54
451,59,2023ECOM02059,冯雪晴,8,电子商务2302班,18,线性代数,2026-04-26,absent,3,花睿哲,模拟考勤异常记录,2026-04-26T18:01:54,2026-04-26T18:01:54
452,59,2023ECOM02059,冯雪晴,8,电子商务2302班,14,移动应用开发,2026-04-03,leave_early,2,魏静怡,模拟考勤异常记录,2026-04-26T18:01:54,2026-04-26T18:01:54
453,59,2023ECOM02059,冯雪晴,8,电子商务2302班,14,移动应用开发,2026-03-27,normal,2,魏静怡,,2026-04-26T18:01:54,2026-04-26T18:01:54
454,59,2023ECOM02059,冯雪晴,8,电子商务2302班,2,数据库原理,2026-04-22,late,2,魏静怡,模拟考勤异常记录,2026-04-26T18:01:54,2026-04-26T18:01:54
455,59,2023ECOM02059,冯雪晴,8,电子商务2302班,8,人工智能基础,2026-04-12,normal,1,彭佳怡,,2026-04-26T18:01:54,2026-04-26T18:01:54
456,59,2023ECOM02059,冯雪晴,8,电子商务2302班,18,线性代数,2026-04-19,leave_early,3,花睿哲,模拟考勤异常记录,2026-04-26T18:01:54,2026-04-26T18:01:54
457,59,2023ECOM02059,冯雪晴,8,电子商务2302班,2,数据库原理,2026-04-21,leave,2,魏静怡,模拟考勤异常记录,2026-04-26T18:01:54,2026-04-26T18:01:54
458,60,2021CS03060,吕文博,7,计算机科学与技术2103班,7,Python程序设计,2026-04-01,normal,2,魏静怡,,2026-04-26T18:01:54,2026-04-26T18:01:54
459,60,2021CS03060,吕文博,7,计算机科学与技术2103班,7,Python程序设计,2026-04-16,late,2,魏静怡,模拟考勤异常记录,2026-04-26T18:01:54,2026-04-26T18:01:54
460,60,2021CS03060,吕文博,7,计算机科学与技术2103班,7,Python程序设计,2026-04-03,normal,2,魏静怡,,2026-04-26T18:01:54,2026-04-26T18:01:54
461,60,2021CS03060,吕文博,7,计算机科学与技术2103班,7,Python程序设计,2026-04-14,normal,2,魏静怡,,2026-04-26T18:01:54,2026-04-26T18:01:54
462,60,2021CS03060,吕文博,7,计算机科学与技术2103班,7,Python程序设计,2026-04-18,normal,2,魏静怡,,2026-04-26T18:01:54,2026-04-26T18:01:54
463,60,2021CS03060,吕文博,7,计算机科学与技术2103班,7,Python程序设计,2026-04-04,normal,2,魏静怡,,2026-04-26T18:01:54,2026-04-26T18:01:54
464,60,2021CS03060,吕文博,7,计算机科学与技术2103班,7,Python程序设计,2026-04-06,absent,2,魏静怡,模拟考勤异常记录,2026-04-26T18:01:54,2026-04-26T18:01:54
465,60,2021CS03060,吕文博,7,计算机科学与技术2103班,7,Python程序设计,2026-04-08,normal,2,魏静怡,,2026-04-26T18:01:54,2026-04-26T18:01:54
466,61,2021CS02061,郎思琪,2,计算机科学与技术2102班,11,计算机网络,2026-03-27,normal,8,任景行,,2026-04-26T18:01:54,2026-04-26T18:01:54
467,61,2021CS02061,郎思琪,2,计算机科学与技术2102班,2,数据库原理,2026-04-03,late,2,魏静怡,模拟考勤异常记录,2026-04-26T18:01:54,2026-04-26T18:01:54
468,61,2021CS02061,郎思琪,2,计算机科学与技术2102班,11,计算机网络,2026-04-06,absent,8,任景行,模拟考勤异常记录,2026-04-26T18:01:54,2026-04-26T18:01:54
469,61,2021CS02061,郎思琪,2,计算机科学与技术2102班,8,人工智能基础,2026-04-24,leave_early,1,彭佳怡,模拟考勤异常记录,2026-04-26T18:01:54,2026-04-26T18:01:54
470,61,2021CS02061,郎思琪,2,计算机科学与技术2102班,17,高等数学,2026-03-30,normal,2,魏静怡,,2026-04-26T18:01:54,2026-04-26T18:01:54
471,61,2021CS02061,郎思琪,2,计算机科学与技术2102班,9,大学英语,2026-04-05,normal,7,云承泽,,2026-04-26T18:01:54,2026-04-26T18:01:54
472,61,2021CS02061,郎思琪,2,计算机科学与技术2102班,18,线性代数,2026-04-04,normal,3,花睿哲,,2026-04-26T18:01:54,2026-04-26T18:01:54
473,61,2021CS02061,郎思琪,2,计算机科学与技术2102班,11,计算机网络,2026-04-26,normal,8,任景行,,2026-04-26T18:01:54,2026-04-26T18:01:54
474,62,2022DS02062,范梓豪,5,数据科学与大数据技术2202班,6,软件工程导论,2026-04-18,normal,5,奚宇航,,2026-04-26T18:01:54,2026-04-26T18:01:54
475,62,2022DS02062,范梓豪,5,数据科学与大数据技术2202班,10,体育,2026-04-22,normal,7,云承泽,,2026-04-26T18:01:54,2026-04-26T18:01:54
476,62,2022DS02062,范梓豪,5,数据科学与大数据技术2202班,4,数据结构,2026-04-19,absent,4,姜婉婷,模拟考勤异常记录,2026-04-26T18:01:54,2026-04-26T18:01:54
477,62,2022DS02062,范梓豪,5,数据科学与大数据技术2202班,15,软件测试技术,2026-04-16,absent,6,李志远,模拟考勤异常记录,2026-04-26T18:01:54,2026-04-26T18:01:54
478,62,2022DS02062,范梓豪,5,数据科学与大数据技术2202班,9,大学英语,2026-04-03,normal,7,云承泽,,2026-04-26T18:01:54,2026-04-26T18:01:54
479,62,2022DS02062,范梓豪,5,数据科学与大数据技术2202班,4,数据结构,2026-04-23,normal,4,姜婉婷,,2026-04-26T18:01:54,2026-04-26T18:01:54
480,62,2022DS02062,范梓豪,5,数据科学与大数据技术2202班,16,信息安全基础,2026-04-12,normal,3,花睿哲,,2026-04-26T18:01:54,2026-04-26T18:01:54
481,62,2022DS02062,范梓豪,5,数据科学与大数据技术2202班,6,软件工程导论,2026-04-04,late,5,奚宇航,模拟考勤异常记录,2026-04-26T18:01:54,2026-04-26T18:01:54
482,63,2021ECOM01063,陶沐晴,1,电子商务2101班,18,线性代数,2026-04-18,leave,3,花睿哲,模拟考勤异常记录,2026-04-26T18:01:54,2026-04-26T18:01:54
483,63,2021ECOM01063,陶沐晴,1,电子商务2101班,16,信息安全基础,2026-04-23,leave,3,花睿哲,模拟考勤异常记录,2026-04-26T18:01:54,2026-04-26T18:01:54
484,63,2021ECOM01063,陶沐晴,1,电子商务2101班,20,创新创业基础,2026-04-03,normal,5,奚宇航,,2026-04-26T18:01:54,2026-04-26T18:01:54
485,63,2021ECOM01063,陶沐晴,1,电子商务2101班,10,体育,2026-04-25,normal,7,云承泽,,2026-04-26T18:01:54,2026-04-26T18:01:54
486,63,2021ECOM01063,陶沐晴,1,电子商务2101班,19,大学物理,2026-04-09,normal,3,花睿哲,,2026-04-26T18:01:54,2026-04-26T18:01:54
487,63,2021ECOM01063,陶沐晴,1,电子商务2101班,14,移动应用开发,2026-04-22,normal,2,魏静怡,,2026-04-26T18:01:54,2026-04-26T18:01:54
488,63,2021ECOM01063,陶沐晴,1,电子商务2101班,19,大学物理,2026-04-01,leave_early,3,花睿哲,模拟考勤异常记录,2026-04-26T18:01:54,2026-04-26T18:01:54
489,63,2021ECOM01063,陶沐晴,1,电子商务2101班,5,操作系统,2026-04-08,normal,5,奚宇航,,2026-04-26T18:01:54,2026-04-26T18:01:54
490,64,2022DS02064,许诗涵,5,数据科学与大数据技术2202班,10,体育,2026-04-16,normal,7,云承泽,,2026-04-26T18:01:54,2026-04-26T18:01:54
491,64,2022DS02064,许诗涵,5,数据科学与大数据技术2202班,4,数据结构,2026-04-04,normal,4,姜婉婷,,2026-04-26T18:01:54,2026-04-26T18:01:54
492,64,2022DS02064,许诗涵,5,数据科学与大数据技术2202班,16,信息安全基础,2026-03-29,normal,3,花睿哲,,2026-04-26T18:01:54,2026-04-26T18:01:54
493,64,2022DS02064,许诗涵,5,数据科学与大数据技术2202班,4,数据结构,2026-04-11,normal,4,姜婉婷,,2026-04-26T18:01:54,2026-04-26T18:01:54
494,64,2022DS02064,许诗涵,5,数据科学与大数据技术2202班,4,数据结构,2026-03-31,normal,4,姜婉婷,,2026-04-26T18:01:54,2026-04-26T18:01:54
495,64,2022DS02064,许诗涵,5,数据科学与大数据技术2202班,9,大学英语,2026-03-28,normal,7,云承泽,,2026-04-26T18:01:54,2026-04-26T18:01:54
496,64,2022DS02064,许诗涵,5,数据科学与大数据技术2202班,15,软件测试技术,2026-04-02,leave_early,6,李志远,模拟考勤异常记录,2026-04-26T18:01:54,2026-04-26T18:01:54
497,64,2022DS02064,许诗涵,5,数据科学与大数据技术2202班,6,软件工程导论,2026-03-29,normal,5,奚宇航,,2026-04-26T18:01:54,2026-04-26T18:01:54
498,65,2024AI02065,云静怡,4,人工智能2402班,5,操作系统,2026-04-22,absent,5,奚宇航,模拟考勤异常记录,2026-04-26T18:01:54,2026-04-26T18:01:54
499,65,2024AI02065,云静怡,4,人工智能2402班,13,Linux操作系统,2026-04-21,normal,2,魏静怡,,2026-04-26T18:01:54,2026-04-26T18:01:54
500,65,2024AI02065,云静怡,4,人工智能2402班,1,Java程序设计,2026-04-05,leave_early,8,任景行,模拟考勤异常记录,2026-04-26T18:01:54,2026-04-26T18:01:54
501,65,2024AI02065,云静怡,4,人工智能2402班,5,操作系统,2026-04-26,normal,5,奚宇航,,2026-04-26T18:01:54,2026-04-26T18:01:54
502,65,2024AI02065,云静怡,4,人工智能2402班,5,操作系统,2026-04-17,absent,5,奚宇航,模拟考勤异常记录,2026-04-26T18:01:54,2026-04-26T18:01:54
503,65,2024AI02065,云静怡,4,人工智能2402班,1,Java程序设计,2026-04-15,leave_early,8,任景行,模拟考勤异常记录,2026-04-26T18:01:54,2026-04-26T18:01:54
504,65,2024AI02065,云静怡,4,人工智能2402班,13,Linux操作系统,2026-04-18,normal,2,魏静怡,,2026-04-26T18:01:54,2026-04-26T18:01:54
505,65,2024AI02065,云静怡,4,人工智能2402班,17,高等数学,2026-04-08,normal,2,魏静怡,,2026-04-26T18:01:54,2026-04-26T18:01:54
506,66,2021CS02066,方欣怡,2,计算机科学与技术2102班,12,离散数学,2026-04-13,normal,8,任景行,,2026-04-26T18:01:54,2026-04-26T18:01:54
507,66,2021CS02066,方欣怡,2,计算机科学与技术2102班,16,信息安全基础,2026-04-21,leave,3,花睿哲,模拟考勤异常记录,2026-04-26T18:01:54,2026-04-26T18:01:54
508,66,2021CS02066,方欣怡,2,计算机科学与技术2102班,14,移动应用开发,2026-04-06,leave_early,2,魏静怡,模拟考勤异常记录,2026-04-26T18:01:54,2026-04-26T18:01:54
509,66,2021CS02066,方欣怡,2,计算机科学与技术2102班,11,计算机网络,2026-04-13,normal,8,任景行,,2026-04-26T18:01:54,2026-04-26T18:01:54
510,66,2021CS02066,方欣怡,2,计算机科学与技术2102班,5,操作系统,2026-04-25,normal,5,奚宇航,,2026-04-26T18:01:54,2026-04-26T18:01:54
511,66,2021CS02066,方欣怡,2,计算机科学与技术2102班,2,数据库原理,2026-04-08,leave,2,魏静怡,模拟考勤异常记录,2026-04-26T18:01:54,2026-04-26T18:01:54
512,66,2021CS02066,方欣怡,2,计算机科学与技术2102班,8,人工智能基础,2026-03-30,leave,1,彭佳怡,模拟考勤异常记录,2026-04-26T18:01:54,2026-04-26T18:01:54
513,66,2021CS02066,方欣怡,2,计算机科学与技术2102班,8,人工智能基础,2026-04-14,normal,1,彭佳怡,,2026-04-26T18:01:54,2026-04-26T18:01:54
514,67,2021CS03067,葛佳宁,7,计算机科学与技术2103班,7,Python程序设计,2026-04-14,normal,2,魏静怡,,2026-04-26T18:01:54,2026-04-26T18:01:54
515,67,2021CS03067,葛佳宁,7,计算机科学与技术2103班,7,Python程序设计,2026-04-22,normal,2,魏静怡,,2026-04-26T18:01:54,2026-04-26T18:01:54
516,67,2021CS03067,葛佳宁,7,计算机科学与技术2103班,7,Python程序设计,2026-04-26,normal,2,魏静怡,,2026-04-26T18:01:54,2026-04-26T18:01:54
517,67,2021CS03067,葛佳宁,7,计算机科学与技术2103班,7,Python程序设计,2026-04-05,normal,2,魏静怡,,2026-04-26T18:01:54,2026-04-26T18:01:54
518,67,2021CS03067,葛佳宁,7,计算机科学与技术2103班,7,Python程序设计,2026-03-31,leave_early,2,魏静怡,模拟考勤异常记录,2026-04-26T18:01:54,2026-04-26T18:01:54
519,67,2021CS03067,葛佳宁,7,计算机科学与技术2103班,7,Python程序设计,2026-04-18,normal,2,魏静怡,,2026-04-26T18:01:54,2026-04-26T18:01:54
520,67,2021CS03067,葛佳宁,7,计算机科学与技术2103班,7,Python程序设计,2026-04-20,normal,2,魏静怡,,2026-04-26T18:01:54,2026-04-26T18:01:54
521,67,2021CS03067,葛佳宁,7,计算机科学与技术2103班,7,Python程序设计,2026-04-04,leave_early,2,魏静怡,模拟考勤异常记录,2026-04-26T18:01:54,2026-04-26T18:01:54
522,68,2021CS03068,冯思琪,7,计算机科学与技术2103班,7,Python程序设计,2026-04-22,leave,2,魏静怡,模拟考勤异常记录,2026-04-26T18:01:54,2026-04-26T18:01:54
523,68,2021CS03068,冯思琪,7,计算机科学与技术2103班,7,Python程序设计,2026-04-15,normal,2,魏静怡,,2026-04-26T18:01:54,2026-04-26T18:01:54
524,68,2021CS03068,冯思琪,7,计算机科学与技术2103班,7,Python程序设计,2026-04-11,normal,2,魏静怡,,2026-04-26T18:01:54,2026-04-26T18:01:54
525,68,2021CS03068,冯思琪,7,计算机科学与技术2103班,7,Python程序设计,2026-04-10,normal,2,魏静怡,,2026-04-26T18:01:54,2026-04-26T18:01:54
526,68,2021CS03068,冯思琪,7,计算机科学与技术2103班,7,Python程序设计,2026-03-29,normal,2,魏静怡,,2026-04-26T18:01:54,2026-04-26T18:01:54
527,68,2021CS03068,冯思琪,7,计算机科学与技术2103班,7,Python程序设计,2026-04-17,absent,2,魏静怡,模拟考勤异常记录,2026-04-26T18:01:54,2026-04-26T18:01:54
528,68,2021CS03068,冯思琪,7,计算机科学与技术2103班,7,Python程序设计,2026-04-03,leave_early,2,魏静怡,模拟考勤异常记录,2026-04-26T18:01:54,2026-04-26T18:01:54
529,68,2021CS03068,冯思琪,7,计算机科学与技术2103班,7,Python程序设计,2026-04-07,leave,2,魏静怡,模拟考勤异常记录,2026-04-26T18:01:54,2026-04-26T18:01:54
530,69,2021SE02069,褚雪晴,3,软件工程2102班,3,Web前端开发,2026-04-26,normal,7,云承泽,,2026-04-26T18:01:54,2026-04-26T18:01:54
531,69,2021SE02069,褚雪晴,3,软件工程2102班,3,Web前端开发,2026-04-14,normal,7,云承泽,,2026-04-26T18:01:54,2026-04-26T18:01:54
532,69,2021SE02069,褚雪晴,3,软件工程2102班,3,Web前端开发,2026-04-20,normal,7,云承泽,,2026-04-26T18:01:54,2026-04-26T18:01:54
533,69,2021SE02069,褚雪晴,3,软件工程2102班,3,Web前端开发,2026-04-07,late,7,云承泽,模拟考勤异常记录,2026-04-26T18:01:54,2026-04-26T18:01:54
534,69,2021SE02069,褚雪晴,3,软件工程2102班,3,Web前端开发,2026-04-04,normal,7,云承泽,,2026-04-26T18:01:54,2026-04-26T18:01:54
535,69,2021SE02069,褚雪晴,3,软件工程2102班,3,Web前端开发,2026-04-23,normal,7,云承泽,,2026-04-26T18:01:54,2026-04-26T18:01:54
536,69,2021SE02069,褚雪晴,3,软件工程2102班,3,Web前端开发,2026-04-03,leave_early,7,云承泽,模拟考勤异常记录,2026-04-26T18:01:54,2026-04-26T18:01:54
537,70,2021CS02070,马博文,2,计算机科学与技术2102班,3,Web前端开发,2026-04-01,late,7,云承泽,模拟考勤异常记录,2026-04-26T18:01:54,2026-04-26T18:01:54
538,70,2021CS02070,马博文,2,计算机科学与技术2102班,15,软件测试技术,2026-04-04,normal,6,李志远,,2026-04-26T18:01:54,2026-04-26T18:01:54
539,70,2021CS02070,马博文,2,计算机科学与技术2102班,19,大学物理,2026-04-23,late,3,花睿哲,模拟考勤异常记录,2026-04-26T18:01:54,2026-04-26T18:01:54
540,70,2021CS02070,马博文,2,计算机科学与技术2102班,14,移动应用开发,2026-04-21,late,2,魏静怡,模拟考勤异常记录,2026-04-26T18:01:54,2026-04-26T18:01:54
541,70,2021CS02070,马博文,2,计算机科学与技术2102班,2,数据库原理,2026-04-08,normal,2,魏静怡,,2026-04-26T18:01:54,2026-04-26T18:01:54
542,70,2021CS02070,马博文,2,计算机科学与技术2102班,10,体育,2026-04-21,normal,7,云承泽,,2026-04-26T18:01:54,2026-04-26T18:01:54
543,70,2021CS02070,马博文,2,计算机科学与技术2102班,7,Python程序设计,2026-04-23,absent,2,魏静怡,模拟考勤异常记录,2026-04-26T18:01:54,2026-04-26T18:01:54
544,70,2021CS02070,马博文,2,计算机科学与技术2102班,2,数据库原理,2026-04-19,late,2,魏静怡,模拟考勤异常记录,2026-04-26T18:01:54,2026-04-26T18:01:54
545,71,2021SE02071,袁佳怡,3,软件工程2102班,3,Web前端开发,2026-03-27,normal,7,云承泽,,2026-04-26T18:01:54,2026-04-26T18:01:54
546,71,2021SE02071,袁佳怡,3,软件工程2102班,3,Web前端开发,2026-04-07,leave,7,云承泽,模拟考勤异常记录,2026-04-26T18:01:54,2026-04-26T18:01:54
547,71,2021SE02071,袁佳怡,3,软件工程2102班,3,Web前端开发,2026-03-30,leave_early,7,云承泽,模拟考勤异常记录,2026-04-26T18:01:54,2026-04-26T18:01:54
548,71,2021SE02071,袁佳怡,3,软件工程2102班,3,Web前端开发,2026-04-03,normal,7,云承泽,,2026-04-26T18:01:54,2026-04-26T18:01:54
549,71,2021SE02071,袁佳怡,3,软件工程2102班,3,Web前端开发,2026-04-14,late,7,云承泽,模拟考勤异常记录,2026-04-26T18:01:54,2026-04-26T18:01:54
550,71,2021SE02071,袁佳怡,3,软件工程2102班,3,Web前端开发,2026-04-24,late,7,云承泽,模拟考勤异常记录,2026-04-26T18:01:54,2026-04-26T18:01:54
551,72,2023DS02072,柏诗涵,6,数据科学与大数据技术2302班,19,大学物理,2026-04-26,late,3,花睿哲,模拟考勤异常记录,2026-04-26T18:01:54,2026-04-26T18:01:54
552,72,2023DS02072,柏诗涵,6,数据科学与大数据技术2302班,19,大学物理,2026-04-22,normal,3,花睿哲,,2026-04-26T18:01:54,2026-04-26T18:01:54
553,72,2023DS02072,柏诗涵,6,数据科学与大数据技术2302班,19,大学物理,2026-04-14,leave_early,3,花睿哲,模拟考勤异常记录,2026-04-26T18:01:54,2026-04-26T18:01:54
554,72,2023DS02072,柏诗涵,6,数据科学与大数据技术2302班,19,大学物理,2026-04-15,normal,3,花睿哲,,2026-04-26T18:01:54,2026-04-26T18:01:54
555,72,2023DS02072,柏诗涵,6,数据科学与大数据技术2302班,14,移动应用开发,2026-04-19,normal,2,魏静怡,,2026-04-26T18:01:54,2026-04-26T18:01:54
556,72,2023DS02072,柏诗涵,6,数据科学与大数据技术2302班,14,移动应用开发,2026-03-31,normal,2,魏静怡,,2026-04-26T18:01:54,2026-04-26T18:01:54
557,72,2023DS02072,柏诗涵,6,数据科学与大数据技术2302班,19,大学物理,2026-04-08,late,3,花睿哲,模拟考勤异常记录,2026-04-26T18:01:54,2026-04-26T18:01:54
558,73,2021ECOM01073,孙明哲,1,电子商务2101班,4,数据结构,2026-04-16,leave_early,4,姜婉婷,模拟考勤异常记录,2026-04-26T18:01:54,2026-04-26T18:01:54
559,73,2021ECOM01073,孙明哲,1,电子商务2101班,15,软件测试技术,2026-04-25,normal,6,李志远,,2026-04-26T18:01:54,2026-04-26T18:01:54
560,73,2021ECOM01073,孙明哲,1,电子商务2101班,19,大学物理,2026-04-14,late,3,花睿哲,模拟考勤异常记录,2026-04-26T18:01:54,2026-04-26T18:01:54
561,73,2021ECOM01073,孙明哲,1,电子商务2101班,8,人工智能基础,2026-04-04,leave_early,1,彭佳怡,模拟考勤异常记录,2026-04-26T18:01:54,2026-04-26T18:01:54
562,73,2021ECOM01073,孙明哲,1,电子商务2101班,10,体育,2026-04-19,late,7,云承泽,模拟考勤异常记录,2026-04-26T18:01:54,2026-04-26T18:01:54
563,73,2021ECOM01073,孙明哲,1,电子商务2101班,9,大学英语,2026-04-05,normal,7,云承泽,,2026-04-26T18:01:54,2026-04-26T18:01:54
564,73,2021ECOM01073,孙明哲,1,电子商务2101班,20,创新创业基础,2026-04-15,normal,5,奚宇航,,2026-04-26T18:01:54,2026-04-26T18:01:54
565,73,2021ECOM01073,孙明哲,1,电子商务2101班,10,体育,2026-04-11,normal,7,云承泽,,2026-04-26T18:01:54,2026-04-26T18:01:54
566,74,2024AI02074,范建国,4,人工智能2402班,12,离散数学,2026-03-30,normal,8,任景行,,2026-04-26T18:01:54,2026-04-26T18:01:54
567,74,2024AI02074,范建国,4,人工智能2402班,13,Linux操作系统,2026-04-24,normal,2,魏静怡,,2026-04-26T18:01:54,2026-04-26T18:01:54
568,74,2024AI02074,范建国,4,人工智能2402班,12,离散数学,2026-04-04,normal,8,任景行,,2026-04-26T18:01:54,2026-04-26T18:01:54
569,74,2024AI02074,范建国,4,人工智能2402班,5,操作系统,2026-04-19,normal,5,奚宇航,,2026-04-26T18:01:54,2026-04-26T18:01:54
570,74,2024AI02074,范建国,4,人工智能2402班,1,Java程序设计,2026-04-03,normal,8,任景行,,2026-04-26T18:01:54,2026-04-26T18:01:54
571,74,2024AI02074,范建国,4,人工智能2402班,5,操作系统,2026-04-02,leave_early,5,奚宇航,模拟考勤异常记录,2026-04-26T18:01:54,2026-04-26T18:01:54
572,74,2024AI02074,范建国,4,人工智能2402班,1,Java程序设计,2026-04-22,normal,8,任景行,,2026-04-26T18:01:54,2026-04-26T18:01:54
573,75,2024AI02075,孔梦瑶,4,人工智能2402班,17,高等数学,2026-04-25,leave,2,魏静怡,模拟考勤异常记录,2026-04-26T18:01:54,2026-04-26T18:01:54
574,75,2024AI02075,孔梦瑶,4,人工智能2402班,13,Linux操作系统,2026-04-14,normal,2,魏静怡,,2026-04-26T18:01:54,2026-04-26T18:01:54
575,75,2024AI02075,孔梦瑶,4,人工智能2402班,1,Java程序设计,2026-04-16,normal,8,任景行,,2026-04-26T18:01:54,2026-04-26T18:01:54
576,75,2024AI02075,孔梦瑶,4,人工智能2402班,12,离散数学,2026-04-23,normal,8,任景行,,2026-04-26T18:01:54,2026-04-26T18:01:54
577,75,2024AI02075,孔梦瑶,4,人工智能2402班,12,离散数学,2026-04-14,normal,8,任景行,,2026-04-26T18:01:54,2026-04-26T18:01:54
578,75,2024AI02075,孔梦瑶,4,人工智能2402班,1,Java程序设计,2026-04-11,late,8,任景行,模拟考勤异常记录,2026-04-26T18:01:54,2026-04-26T18:01:54
579,75,2024AI02075,孔梦瑶,4,人工智能2402班,13,Linux操作系统,2026-04-02,normal,2,魏静怡,,2026-04-26T18:01:54,2026-04-26T18:01:54
580,75,2024AI02075,孔梦瑶,4,人工智能2402班,13,Linux操作系统,2026-04-16,normal,2,魏静怡,,2026-04-26T18:01:54,2026-04-26T18:01:54
581,76,2021ECOM01076,邹文静,1,电子商务2101班,18,线性代数,2026-04-22,leave,3,花睿哲,模拟考勤异常记录,2026-04-26T18:01:54,2026-04-26T18:01:54
582,76,2021ECOM01076,邹文静,1,电子商务2101班,13,Linux操作系统,2026-04-12,leave,2,魏静怡,模拟考勤异常记录,2026-04-26T18:01:54,2026-04-26T18:01:54
583,76,2021ECOM01076,邹文静,1,电子商务2101班,6,软件工程导论,2026-04-21,absent,5,奚宇航,模拟考勤异常记录,2026-04-26T18:01:54,2026-04-26T18:01:54
584,76,2021ECOM01076,邹文静,1,电子商务2101班,1,Java程序设计,2026-04-08,normal,8,任景行,,2026-04-26T18:01:54,2026-04-26T18:01:54
585,76,2021ECOM01076,邹文静,1,电子商务2101班,11,计算机网络,2026-03-30,normal,8,任景行,,2026-04-26T18:01:54,2026-04-26T18:01:54
586,76,2021ECOM01076,邹文静,1,电子商务2101班,5,操作系统,2026-03-28,late,5,奚宇航,模拟考勤异常记录,2026-04-26T18:01:54,2026-04-26T18:01:54
587,76,2021ECOM01076,邹文静,1,电子商务2101班,8,人工智能基础,2026-03-27,normal,1,彭佳怡,,2026-04-26T18:01:54,2026-04-26T18:01:54
588,76,2021ECOM01076,邹文静,1,电子商务2101班,9,大学英语,2026-03-27,normal,7,云承泽,,2026-04-26T18:01:54,2026-04-26T18:01:54
589,77,2021CS03077,韦思琪,7,计算机科学与技术2103班,7,Python程序设计,2026-04-17,normal,2,魏静怡,,2026-04-26T18:01:54,2026-04-26T18:01:54
590,77,2021CS03077,韦思琪,7,计算机科学与技术2103班,7,Python程序设计,2026-04-15,late,2,魏静怡,模拟考勤异常记录,2026-04-26T18:01:54,2026-04-26T18:01:54
591,77,2021CS03077,韦思琪,7,计算机科学与技术2103班,7,Python程序设计,2026-04-20,normal,2,魏静怡,,2026-04-26T18:01:54,2026-04-26T18:01:54
592,77,2021CS03077,韦思琪,7,计算机科学与技术2103班,7,Python程序设计,2026-03-29,absent,2,魏静怡,模拟考勤异常记录,2026-04-26T18:01:54,2026-04-26T18:01:54
593,77,2021CS03077,韦思琪,7,计算机科学与技术2103班,7,Python程序设计,2026-04-26,normal,2,魏静怡,,2026-04-26T18:01:54,2026-04-26T18:01:54
594,77,2021CS03077,韦思琪,7,计算机科学与技术2103班,7,Python程序设计,2026-04-04,normal,2,魏静怡,,2026-04-26T18:01:54,2026-04-26T18:01:54
595,77,2021CS03077,韦思琪,7,计算机科学与技术2103班,7,Python程序设计,2026-04-16,normal,2,魏静怡,,2026-04-26T18:01:54,2026-04-26T18:01:54
596,77,2021CS03077,韦思琪,7,计算机科学与技术2103班,7,Python程序设计,2026-04-14,normal,2,魏静怡,,2026-04-26T18:01:54,2026-04-26T18:01:54
597,78,2021CS03078,曹睿哲,7,计算机科学与技术2103班,7,Python程序设计,2026-03-31,normal,2,魏静怡,,2026-04-26T18:01:54,2026-04-26T18:01:54
598,78,2021CS03078,曹睿哲,7,计算机科学与技术2103班,7,Python程序设计,2026-04-26,normal,2,魏静怡,,2026-04-26T18:01:54,2026-04-26T18:01:54
599,78,2021CS03078,曹睿哲,7,计算机科学与技术2103班,7,Python程序设计,2026-04-20,normal,2,魏静怡,,2026-04-26T18:01:54,2026-04-26T18:01:54
600,78,2021CS03078,曹睿哲,7,计算机科学与技术2103班,7,Python程序设计,2026-04-05,leave,2,魏静怡,模拟考勤异常记录,2026-04-26T18:01:54,2026-04-26T18:01:54
601,78,2021CS03078,曹睿哲,7,计算机科学与技术2103班,7,Python程序设计,2026-03-27,normal,2,魏静怡,,2026-04-26T18:01:54,2026-04-26T18:01:54
602,78,2021CS03078,曹睿哲,7,计算机科学与技术2103班,7,Python程序设计,2026-04-04,normal,2,魏静怡,,2026-04-26T18:01:54,2026-04-26T18:01:54
603,78,2021CS03078,曹睿哲,7,计算机科学与技术2103班,7,Python程序设计,2026-04-24,leave,2,魏静怡,模拟考勤异常记录,2026-04-26T18:01:54,2026-04-26T18:01:54
604,79,2023DS02079,葛佳怡,6,数据科学与大数据技术2302班,14,移动应用开发,2026-04-16,normal,2,魏静怡,,2026-04-26T18:01:54,2026-04-26T18:01:54
605,79,2023DS02079,葛佳怡,6,数据科学与大数据技术2302班,14,移动应用开发,2026-04-12,normal,2,魏静怡,,2026-04-26T18:01:54,2026-04-26T18:01:54
606,79,2023DS02079,葛佳怡,6,数据科学与大数据技术2302班,19,大学物理,2026-04-18,normal,3,花睿哲,,2026-04-26T18:01:54,2026-04-26T18:01:54
607,79,2023DS02079,葛佳怡,6,数据科学与大数据技术2302班,14,移动应用开发,2026-04-22,normal,2,魏静怡,,2026-04-26T18:01:54,2026-04-26T18:01:54
608,79,2023DS02079,葛佳怡,6,数据科学与大数据技术2302班,19,大学物理,2026-03-28,leave,3,花睿哲,模拟考勤异常记录,2026-04-26T18:01:54,2026-04-26T18:01:54
609,79,2023DS02079,葛佳怡,6,数据科学与大数据技术2302班,19,大学物理,2026-04-23,leave,3,花睿哲,模拟考勤异常记录,2026-04-26T18:01:54,2026-04-26T18:01:54
610,79,2023DS02079,葛佳怡,6,数据科学与大数据技术2302班,18,线性代数,2026-04-11,late,3,花睿哲,模拟考勤异常记录,2026-04-26T18:01:54,2026-04-26T18:01:54
611,79,2023DS02079,葛佳怡,6,数据科学与大数据技术2302班,14,移动应用开发,2026-04-17,late,2,魏静怡,模拟考勤异常记录,2026-04-26T18:01:54,2026-04-26T18:01:54
612,80,2023ECOM02080,袁语嫣,8,电子商务2302班,18,线性代数,2026-04-24,normal,3,花睿哲,,2026-04-26T18:01:54,2026-04-26T18:01:54
613,80,2023ECOM02080,袁语嫣,8,电子商务2302班,8,人工智能基础,2026-04-07,late,1,彭佳怡,模拟考勤异常记录,2026-04-26T18:01:54,2026-04-26T18:01:54
614,80,2023ECOM02080,袁语嫣,8,电子商务2302班,18,线性代数,2026-04-01,normal,3,花睿哲,,2026-04-26T18:01:54,2026-04-26T18:01:54
615,80,2023ECOM02080,袁语嫣,8,电子商务2302班,2,数据库原理,2026-04-16,late,2,魏静怡,模拟考勤异常记录,2026-04-26T18:01:54,2026-04-26T18:01:54
616,80,2023ECOM02080,袁语嫣,8,电子商务2302班,19,大学物理,2026-04-21,normal,3,花睿哲,,2026-04-26T18:01:54,2026-04-26T18:01:54
617,80,2023ECOM02080,袁语嫣,8,电子商务2302班,14,移动应用开发,2026-03-28,late,2,魏静怡,模拟考勤异常记录,2026-04-26T18:01:54,2026-04-26T18:01:54
618,80,2023ECOM02080,袁语嫣,8,电子商务2302班,2,数据库原理,2026-04-07,normal,2,魏静怡,,2026-04-26T18:01:54,2026-04-26T18:01:54
619,80,2023ECOM02080,袁语嫣,8,电子商务2302班,2,数据库原理,2026-04-19,normal,2,魏静怡,,2026-04-26T18:01:54,2026-04-26T18:01:54
620,81,2023DS02081,秦昊然,6,数据科学与大数据技术2302班,19,大学物理,2026-04-05,normal,3,花睿哲,,2026-04-26T18:01:54,2026-04-26T18:01:54
621,81,2023DS02081,秦昊然,6,数据科学与大数据技术2302班,14,移动应用开发,2026-04-25,leave_early,2,魏静怡,模拟考勤异常记录,2026-04-26T18:01:54,2026-04-26T18:01:54
622,81,2023DS02081,秦昊然,6,数据科学与大数据技术2302班,14,移动应用开发,2026-04-14,normal,2,魏静怡,,2026-04-26T18:01:54,2026-04-26T18:01:54
623,81,2023DS02081,秦昊然,6,数据科学与大数据技术2302班,14,移动应用开发,2026-04-16,leave,2,魏静怡,模拟考勤异常记录,2026-04-26T18:01:54,2026-04-26T18:01:54
624,81,2023DS02081,秦昊然,6,数据科学与大数据技术2302班,19,大学物理,2026-04-02,normal,3,花睿哲,,2026-04-26T18:01:54,2026-04-26T18:01:54
625,81,2023DS02081,秦昊然,6,数据科学与大数据技术2302班,19,大学物理,2026-04-16,late,3,花睿哲,模拟考勤异常记录,2026-04-26T18:01:54,2026-04-26T18:01:54
626,81,2023DS02081,秦昊然,6,数据科学与大数据技术2302班,18,线性代数,2026-04-14,leave_early,3,花睿哲,模拟考勤异常记录,2026-04-26T18:01:54,2026-04-26T18:01:54
627,81,2023DS02081,秦昊然,6,数据科学与大数据技术2302班,14,移动应用开发,2026-03-28,normal,2,魏静怡,,2026-04-26T18:01:54,2026-04-26T18:01:54
628,82,2023ECOM02082,孔诗涵,8,电子商务2302班,14,移动应用开发,2026-04-22,late,2,魏静怡,模拟考勤异常记录,2026-04-26T18:01:54,2026-04-26T18:01:54
629,82,2023ECOM02082,孔诗涵,8,电子商务2302班,20,创新创业基础,2026-04-18,normal,5,奚宇航,,2026-04-26T18:01:54,2026-04-26T18:01:54
630,82,2023ECOM02082,孔诗涵,8,电子商务2302班,18,线性代数,2026-04-16,normal,3,花睿哲,,2026-04-26T18:01:54,2026-04-26T18:01:54
631,82,2023ECOM02082,孔诗涵,8,电子商务2302班,20,创新创业基础,2026-04-16,normal,5,奚宇航,,2026-04-26T18:01:54,2026-04-26T18:01:54
632,82,2023ECOM02082,孔诗涵,8,电子商务2302班,8,人工智能基础,2026-04-23,absent,1,彭佳怡,模拟考勤异常记录,2026-04-26T18:01:54,2026-04-26T18:01:54
633,82,2023ECOM02082,孔诗涵,8,电子商务2302班,14,移动应用开发,2026-04-06,normal,2,魏静怡,,2026-04-26T18:01:54,2026-04-26T18:01:54
634,82,2023ECOM02082,孔诗涵,8,电子商务2302班,8,人工智能基础,2026-04-07,absent,1,彭佳怡,模拟考勤异常记录,2026-04-26T18:01:54,2026-04-26T18:01:54
635,82,2023ECOM02082,孔诗涵,8,电子商务2302班,20,创新创业基础,2026-04-20,leave_early,5,奚宇航,模拟考勤异常记录,2026-04-26T18:01:54,2026-04-26T18:01:54
636,83,2024AI02083,苏思源,4,人工智能2402班,5,操作系统,2026-03-30,normal,5,奚宇航,,2026-04-26T18:01:54,2026-04-26T18:01:54
637,83,2024AI02083,苏思源,4,人工智能2402班,1,Java程序设计,2026-04-08,normal,8,任景行,,2026-04-26T18:01:54,2026-04-26T18:01:54
638,83,2024AI02083,苏思源,4,人工智能2402班,12,离散数学,2026-03-28,late,8,任景行,模拟考勤异常记录,2026-04-26T18:01:54,2026-04-26T18:01:54
639,83,2024AI02083,苏思源,4,人工智能2402班,1,Java程序设计,2026-04-11,leave_early,8,任景行,模拟考勤异常记录,2026-04-26T18:01:54,2026-04-26T18:01:54
640,83,2024AI02083,苏思源,4,人工智能2402班,17,高等数学,2026-04-06,normal,2,魏静怡,,2026-04-26T18:01:54,2026-04-26T18:01:54
641,83,2024AI02083,苏思源,4,人工智能2402班,13,Linux操作系统,2026-04-19,absent,2,魏静怡,模拟考勤异常记录,2026-04-26T18:01:54,2026-04-26T18:01:54
642,83,2024AI02083,苏思源,4,人工智能2402班,1,Java程序设计,2026-04-21,normal,8,任景行,,2026-04-26T18:01:54,2026-04-26T18:01:54
643,83,2024AI02083,苏思源,4,人工智能2402班,5,操作系统,2026-04-11,normal,5,奚宇航,,2026-04-26T18:01:54,2026-04-26T18:01:54
644,84,2023DS02084,邹欣怡,6,数据科学与大数据技术2302班,19,大学物理,2026-04-06,normal,3,花睿哲,,2026-04-26T18:01:54,2026-04-26T18:01:54
645,84,2023DS02084,邹欣怡,6,数据科学与大数据技术2302班,19,大学物理,2026-04-13,leave,3,花睿哲,模拟考勤异常记录,2026-04-26T18:01:54,2026-04-26T18:01:54
646,84,2023DS02084,邹欣怡,6,数据科学与大数据技术2302班,18,线性代数,2026-03-31,leave,3,花睿哲,模拟考勤异常记录,2026-04-26T18:01:54,2026-04-26T18:01:54
647,84,2023DS02084,邹欣怡,6,数据科学与大数据技术2302班,14,移动应用开发,2026-04-13,normal,2,魏静怡,,2026-04-26T18:01:54,2026-04-26T18:01:54
648,84,2023DS02084,邹欣怡,6,数据科学与大数据技术2302班,14,移动应用开发,2026-04-14,absent,2,魏静怡,模拟考勤异常记录,2026-04-26T18:01:54,2026-04-26T18:01:54
649,84,2023DS02084,邹欣怡,6,数据科学与大数据技术2302班,19,大学物理,2026-03-27,normal,3,花睿哲,,2026-04-26T18:01:54,2026-04-26T18:01:54
650,84,2023DS02084,邹欣怡,6,数据科学与大数据技术2302班,14,移动应用开发,2026-04-21,normal,2,魏静怡,,2026-04-26T18:01:54,2026-04-26T18:01:54
651,84,2023DS02084,邹欣怡,6,数据科学与大数据技术2302班,14,移动应用开发,2026-04-17,leave_early,2,魏静怡,模拟考勤异常记录,2026-04-26T18:01:54,2026-04-26T18:01:54
652,85,2021CS02085,魏子轩,2,计算机科学与技术2102班,20,创新创业基础,2026-04-24,late,5,奚宇航,模拟考勤异常记录,2026-04-26T18:01:54,2026-04-26T18:01:54
653,85,2021CS02085,魏子轩,2,计算机科学与技术2102班,13,Linux操作系统,2026-03-29,normal,2,魏静怡,,2026-04-26T18:01:54,2026-04-26T18:01:54
654,85,2021CS02085,魏子轩,2,计算机科学与技术2102班,1,Java程序设计,2026-04-17,normal,8,任景行,,2026-04-26T18:01:54,2026-04-26T18:01:54
655,85,2021CS02085,魏子轩,2,计算机科学与技术2102班,3,Web前端开发,2026-04-14,normal,7,云承泽,,2026-04-26T18:01:54,2026-04-26T18:01:54
656,85,2021CS02085,魏子轩,2,计算机科学与技术2102班,18,线性代数,2026-04-01,leave,3,花睿哲,模拟考勤异常记录,2026-04-26T18:01:54,2026-04-26T18:01:54
657,85,2021CS02085,魏子轩,2,计算机科学与技术2102班,6,软件工程导论,2026-04-22,leave_early,5,奚宇航,模拟考勤异常记录,2026-04-26T18:01:54,2026-04-26T18:01:54
658,85,2021CS02085,魏子轩,2,计算机科学与技术2102班,2,数据库原理,2026-04-17,leave_early,2,魏静怡,模拟考勤异常记录,2026-04-26T18:01:54,2026-04-26T18:01:54
659,85,2021CS02085,魏子轩,2,计算机科学与技术2102班,16,信息安全基础,2026-04-12,normal,3,花睿哲,,2026-04-26T18:01:54,2026-04-26T18:01:54
660,86,2021ECOM01086,苏睿哲,1,电子商务2101班,5,操作系统,2026-03-30,absent,5,奚宇航,模拟考勤异常记录,2026-04-26T18:01:54,2026-04-26T18:01:54
661,86,2021ECOM01086,苏睿哲,1,电子商务2101班,5,操作系统,2026-04-20,normal,5,奚宇航,,2026-04-26T18:01:54,2026-04-26T18:01:54
662,86,2021ECOM01086,苏睿哲,1,电子商务2101班,3,Web前端开发,2026-04-15,absent,7,云承泽,模拟考勤异常记录,2026-04-26T18:01:54,2026-04-26T18:01:54
663,86,2021ECOM01086,苏睿哲,1,电子商务2101班,8,人工智能基础,2026-04-10,normal,1,彭佳怡,,2026-04-26T18:01:54,2026-04-26T18:01:54
664,86,2021ECOM01086,苏睿哲,1,电子商务2101班,8,人工智能基础,2026-04-04,leave,1,彭佳怡,模拟考勤异常记录,2026-04-26T18:01:54,2026-04-26T18:01:54
665,86,2021ECOM01086,苏睿哲,1,电子商务2101班,18,线性代数,2026-04-22,absent,3,花睿哲,模拟考勤异常记录,2026-04-26T18:01:54,2026-04-26T18:01:54
666,86,2021ECOM01086,苏睿哲,1,电子商务2101班,6,软件工程导论,2026-04-08,leave_early,5,奚宇航,模拟考勤异常记录,2026-04-26T18:01:54,2026-04-26T18:01:54
667,86,2021ECOM01086,苏睿哲,1,电子商务2101班,5,操作系统,2026-04-18,normal,5,奚宇航,,2026-04-26T18:01:54,2026-04-26T18:01:54
668,87,2023DS02087,陶雪晴,6,数据科学与大数据技术2302班,18,线性代数,2026-03-31,absent,3,花睿哲,模拟考勤异常记录,2026-04-26T18:01:54,2026-04-26T18:01:54
669,87,2023DS02087,陶雪晴,6,数据科学与大数据技术2302班,14,移动应用开发,2026-04-09,normal,2,魏静怡,,2026-04-26T18:01:54,2026-04-26T18:01:54
670,87,2023DS02087,陶雪晴,6,数据科学与大数据技术2302班,14,移动应用开发,2026-04-16,leave_early,2,魏静怡,模拟考勤异常记录,2026-04-26T18:01:54,2026-04-26T18:01:54
671,87,2023DS02087,陶雪晴,6,数据科学与大数据技术2302班,18,线性代数,2026-04-19,normal,3,花睿哲,,2026-04-26T18:01:54,2026-04-26T18:01:54
672,87,2023DS02087,陶雪晴,6,数据科学与大数据技术2302班,19,大学物理,2026-04-21,normal,3,花睿哲,,2026-04-26T18:01:54,2026-04-26T18:01:54
673,87,2023DS02087,陶雪晴,6,数据科学与大数据技术2302班,19,大学物理,2026-04-26,late,3,花睿哲,模拟考勤异常记录,2026-04-26T18:01:54,2026-04-26T18:01:54
674,87,2023DS02087,陶雪晴,6,数据科学与大数据技术2302班,14,移动应用开发,2026-04-13,leave_early,2,魏静怡,模拟考勤异常记录,2026-04-26T18:01:54,2026-04-26T18:01:54
675,88,2023ECOM02088,彭梓萱,8,电子商务2302班,20,创新创业基础,2026-04-14,normal,5,奚宇航,,2026-04-26T18:01:54,2026-04-26T18:01:54
676,88,2023ECOM02088,彭梓萱,8,电子商务2302班,2,数据库原理,2026-03-31,absent,2,魏静怡,模拟考勤异常记录,2026-04-26T18:01:54,2026-04-26T18:01:54
677,88,2023ECOM02088,彭梓萱,8,电子商务2302班,20,创新创业基础,2026-04-13,normal,5,奚宇航,,2026-04-26T18:01:54,2026-04-26T18:01:54
678,88,2023ECOM02088,彭梓萱,8,电子商务2302班,8,人工智能基础,2026-04-04,normal,1,彭佳怡,,2026-04-26T18:01:54,2026-04-26T18:01:54
679,88,2023ECOM02088,彭梓萱,8,电子商务2302班,18,线性代数,2026-04-24,normal,3,花睿哲,,2026-04-26T18:01:54,2026-04-26T18:01:54
680,88,2023ECOM02088,彭梓萱,8,电子商务2302班,14,移动应用开发,2026-04-06,normal,2,魏静怡,,2026-04-26T18:01:54,2026-04-26T18:01:54
681,88,2023ECOM02088,彭梓萱,8,电子商务2302班,19,大学物理,2026-04-22,normal,3,花睿哲,,2026-04-26T18:01:54,2026-04-26T18:01:54
682,88,2023ECOM02088,彭梓萱,8,电子商务2302班,2,数据库原理,2026-04-02,late,2,魏静怡,模拟考勤异常记录,2026-04-26T18:01:54,2026-04-26T18:01:54
683,89,2021ECOM01089,郑依晨,1,电子商务2101班,11,计算机网络,2026-04-08,normal,8,任景行,,2026-04-26T18:01:54,2026-04-26T18:01:54
684,89,2021ECOM01089,郑依晨,1,电子商务2101班,13,Linux操作系统,2026-04-14,normal,2,魏静怡,,2026-04-26T18:01:54,2026-04-26T18:01:54
685,89,2021ECOM01089,郑依晨,1,电子商务2101班,13,Linux操作系统,2026-03-31,normal,2,魏静怡,,2026-04-26T18:01:54,2026-04-26T18:01:54
686,89,2021ECOM01089,郑依晨,1,电子商务2101班,2,数据库原理,2026-04-24,normal,2,魏静怡,,2026-04-26T18:01:54,2026-04-26T18:01:54
687,89,2021ECOM01089,郑依晨,1,电子商务2101班,16,信息安全基础,2026-04-07,late,3,花睿哲,模拟考勤异常记录,2026-04-26T18:01:54,2026-04-26T18:01:54
688,89,2021ECOM01089,郑依晨,1,电子商务2101班,10,体育,2026-04-23,normal,7,云承泽,,2026-04-26T18:01:54,2026-04-26T18:01:54
689,89,2021ECOM01089,郑依晨,1,电子商务2101班,18,线性代数,2026-03-29,late,3,花睿哲,模拟考勤异常记录,2026-04-26T18:01:54,2026-04-26T18:01:54
690,89,2021ECOM01089,郑依晨,1,电子商务2101班,5,操作系统,2026-04-19,normal,5,奚宇航,,2026-04-26T18:01:54,2026-04-26T18:01:54
691,90,2024AI02090,杨博文,4,人工智能2402班,13,Linux操作系统,2026-04-19,normal,2,魏静怡,,2026-04-26T18:01:54,2026-04-26T18:01:54
692,90,2024AI02090,杨博文,4,人工智能2402班,1,Java程序设计,2026-04-08,absent,8,任景行,模拟考勤异常记录,2026-04-26T18:01:54,2026-04-26T18:01:54
693,90,2024AI02090,杨博文,4,人工智能2402班,5,操作系统,2026-04-20,normal,5,奚宇航,,2026-04-26T18:01:54,2026-04-26T18:01:54
694,90,2024AI02090,杨博文,4,人工智能2402班,5,操作系统,2026-04-19,normal,5,奚宇航,,2026-04-26T18:01:54,2026-04-26T18:01:54
695,90,2024AI02090,杨博文,4,人工智能2402班,12,离散数学,2026-04-04,leave_early,8,任景行,模拟考勤异常记录,2026-04-26T18:01:54,2026-04-26T18:01:54
696,90,2024AI02090,杨博文,4,人工智能2402班,13,Linux操作系统,2026-04-16,normal,2,魏静怡,,2026-04-26T18:01:54,2026-04-26T18:01:54
697,90,2024AI02090,杨博文,4,人工智能2402班,12,离散数学,2026-04-19,normal,8,任景行,,2026-04-26T18:01:54,2026-04-26T18:01:54
698,90,2024AI02090,杨博文,4,人工智能2402班,5,操作系统,2026-04-23,normal,5,奚宇航,,2026-04-26T18:01:54,2026-04-26T18:01:54
699,91,2024AI02091,苗思源,4,人工智能2402班,13,Linux操作系统,2026-04-11,normal,2,魏静怡,,2026-04-26T18:01:54,2026-04-26T18:01:54
700,91,2024AI02091,苗思源,4,人工智能2402班,5,操作系统,2026-04-17,normal,5,奚宇航,,2026-04-26T18:01:54,2026-04-26T18:01:54
701,91,2024AI02091,苗思源,4,人工智能2402班,17,高等数学,2026-04-24,late,2,魏静怡,模拟考勤异常记录,2026-04-26T18:01:54,2026-04-26T18:01:54
702,91,2024AI02091,苗思源,4,人工智能2402班,1,Java程序设计,2026-04-21,normal,8,任景行,,2026-04-26T18:01:54,2026-04-26T18:01:54
703,91,2024AI02091,苗思源,4,人工智能2402班,5,操作系统,2026-03-30,leave,5,奚宇航,模拟考勤异常记录,2026-04-26T18:01:54,2026-04-26T18:01:54
704,91,2024AI02091,苗思源,4,人工智能2402班,5,操作系统,2026-04-06,normal,5,奚宇航,,2026-04-26T18:01:54,2026-04-26T18:01:54
705,91,2024AI02091,苗思源,4,人工智能2402班,5,操作系统,2026-04-22,normal,5,奚宇航,,2026-04-26T18:01:54,2026-04-26T18:01:54
706,91,2024AI02091,苗思源,4,人工智能2402班,12,离散数学,2026-03-30,normal,8,任景行,,2026-04-26T18:01:54,2026-04-26T18:01:54
707,92,2021ECOM01092,杨浩然,1,电子商务2101班,4,数据结构,2026-04-23,leave_early,4,姜婉婷,模拟考勤异常记录,2026-04-26T18:01:54,2026-04-26T18:01:54
708,92,2021ECOM01092,杨浩然,1,电子商务2101班,16,信息安全基础,2026-04-07,absent,3,花睿哲,模拟考勤异常记录,2026-04-26T18:01:54,2026-04-26T18:01:54
709,92,2021ECOM01092,杨浩然,1,电子商务2101班,13,Linux操作系统,2026-03-28,leave_early,2,魏静怡,模拟考勤异常记录,2026-04-26T18:01:54,2026-04-26T18:01:54
710,92,2021ECOM01092,杨浩然,1,电子商务2101班,19,大学物理,2026-04-20,normal,3,花睿哲,,2026-04-26T18:01:54,2026-04-26T18:01:54
711,92,2021ECOM01092,杨浩然,1,电子商务2101班,1,Java程序设计,2026-04-09,normal,8,任景行,,2026-04-26T18:01:54,2026-04-26T18:01:54
712,92,2021ECOM01092,杨浩然,1,电子商务2101班,12,离散数学,2026-04-11,normal,8,任景行,,2026-04-26T18:01:54,2026-04-26T18:01:54
713,92,2021ECOM01092,杨浩然,1,电子商务2101班,6,软件工程导论,2026-04-26,normal,5,奚宇航,,2026-04-26T18:01:54,2026-04-26T18:01:54
714,92,2021ECOM01092,杨浩然,1,电子商务2101班,10,体育,2026-04-06,normal,7,云承泽,,2026-04-26T18:01:54,2026-04-26T18:01:54
715,93,2021ECOM01093,苗梓萱,1,电子商务2101班,2,数据库原理,2026-04-03,late,2,魏静怡,模拟考勤异常记录,2026-04-26T18:01:54,2026-04-26T18:01:54
716,93,2021ECOM01093,苗梓萱,1,电子商务2101班,15,软件测试技术,2026-03-30,leave,6,李志远,模拟考勤异常记录,2026-04-26T18:01:54,2026-04-26T18:01:54
717,93,2021ECOM01093,苗梓萱,1,电子商务2101班,9,大学英语,2026-04-01,leave,7,云承泽,模拟考勤异常记录,2026-04-26T18:01:54,2026-04-26T18:01:54
718,93,2021ECOM01093,苗梓萱,1,电子商务2101班,18,线性代数,2026-04-07,normal,3,花睿哲,,2026-04-26T18:01:54,2026-04-26T18:01:54
719,93,2021ECOM01093,苗梓萱,1,电子商务2101班,12,离散数学,2026-04-15,normal,8,任景行,,2026-04-26T18:01:54,2026-04-26T18:01:54
720,93,2021ECOM01093,苗梓萱,1,电子商务2101班,15,软件测试技术,2026-04-13,leave_early,6,李志远,模拟考勤异常记录,2026-04-26T18:01:54,2026-04-26T18:01:54
721,93,2021ECOM01093,苗梓萱,1,电子商务2101班,17,高等数学,2026-04-11,absent,2,魏静怡,模拟考勤异常记录,2026-04-26T18:01:54,2026-04-26T18:01:54
722,93,2021ECOM01093,苗梓萱,1,电子商务2101班,15,软件测试技术,2026-04-20,normal,6,李志远,,2026-04-26T18:01:54,2026-04-26T18:01:54
723,94,2021CS02094,许若曦,2,计算机科学与技术2102班,1,Java程序设计,2026-04-17,leave_early,8,任景行,模拟考勤异常记录,2026-04-26T18:01:54,2026-04-26T18:01:54
724,94,2021CS02094,许若曦,2,计算机科学与技术2102班,1,Java程序设计,2026-04-04,normal,8,任景行,,2026-04-26T18:01:54,2026-04-26T18:01:54
725,94,2021CS02094,许若曦,2,计算机科学与技术2102班,10,体育,2026-04-20,absent,7,云承泽,模拟考勤异常记录,2026-04-26T18:01:54,2026-04-26T18:01:54
726,94,2021CS02094,许若曦,2,计算机科学与技术2102班,17,高等数学,2026-04-01,normal,2,魏静怡,,2026-04-26T18:01:54,2026-04-26T18:01:54
727,94,2021CS02094,许若曦,2,计算机科学与技术2102班,13,Linux操作系统,2026-04-22,normal,2,魏静怡,,2026-04-26T18:01:54,2026-04-26T18:01:54
728,94,2021CS02094,许若曦,2,计算机科学与技术2102班,5,操作系统,2026-04-07,normal,5,奚宇航,,2026-04-26T18:01:54,2026-04-26T18:01:54
729,94,2021CS02094,许若曦,2,计算机科学与技术2102班,16,信息安全基础,2026-04-18,normal,3,花睿哲,,2026-04-26T18:01:54,2026-04-26T18:01:54
730,94,2021CS02094,许若曦,2,计算机科学与技术2102班,19,大学物理,2026-04-11,normal,3,花睿哲,,2026-04-26T18:01:54,2026-04-26T18:01:54
731,95,2024AI02095,吴嘉诚,4,人工智能2402班,17,高等数学,2026-04-20,leave_early,2,魏静怡,模拟考勤异常记录,2026-04-26T18:01:54,2026-04-26T18:01:54
732,95,2024AI02095,吴嘉诚,4,人工智能2402班,5,操作系统,2026-04-03,normal,5,奚宇航,,2026-04-26T18:01:54,2026-04-26T18:01:54
733,95,2024AI02095,吴嘉诚,4,人工智能2402班,17,高等数学,2026-04-22,normal,2,魏静怡,,2026-04-26T18:01:54,2026-04-26T18:01:54
734,95,2024AI02095,吴嘉诚,4,人工智能2402班,1,Java程序设计,2026-04-20,normal,8,任景行,,2026-04-26T18:01:54,2026-04-26T18:01:54
735,95,2024AI02095,吴嘉诚,4,人工智能2402班,13,Linux操作系统,2026-04-08,normal,2,魏静怡,,2026-04-26T18:01:54,2026-04-26T18:01:54
736,95,2024AI02095,吴嘉诚,4,人工智能2402班,17,高等数学,2026-04-15,leave_early,2,魏静怡,模拟考勤异常记录,2026-04-26T18:01:54,2026-04-26T18:01:54
737,95,2024AI02095,吴嘉诚,4,人工智能2402班,12,离散数学,2026-03-29,normal,8,任景行,,2026-04-26T18:01:54,2026-04-26T18:01:54
738,95,2024AI02095,吴嘉诚,4,人工智能2402班,17,高等数学,2026-04-24,late,2,魏静怡,模拟考勤异常记录,2026-04-26T18:01:54,2026-04-26T18:01:54
739,96,2023ECOM02096,韩思源,8,电子商务2302班,2,数据库原理,2026-04-21,leave_early,2,魏静怡,模拟考勤异常记录,2026-04-26T18:01:54,2026-04-26T18:01:54
740,96,2023ECOM02096,韩思源,8,电子商务2302班,18,线性代数,2026-03-30,normal,3,花睿哲,,2026-04-26T18:01:54,2026-04-26T18:01:54
741,96,2023ECOM02096,韩思源,8,电子商务2302班,19,大学物理,2026-04-21,leave,3,花睿哲,模拟考勤异常记录,2026-04-26T18:01:54,2026-04-26T18:01:54
742,96,2023ECOM02096,韩思源,8,电子商务2302班,20,创新创业基础,2026-04-10,normal,5,奚宇航,,2026-04-26T18:01:54,2026-04-26T18:01:54
743,96,2023ECOM02096,韩思源,8,电子商务2302班,2,数据库原理,2026-04-23,leave_early,2,魏静怡,模拟考勤异常记录,2026-04-26T18:01:54,2026-04-26T18:01:54
744,96,2023ECOM02096,韩思源,8,电子商务2302班,8,人工智能基础,2026-04-07,normal,1,彭佳怡,,2026-04-26T18:01:54,2026-04-26T18:01:54
745,96,2023ECOM02096,韩思源,8,电子商务2302班,19,大学物理,2026-04-02,normal,3,花睿哲,,2026-04-26T18:01:54,2026-04-26T18:01:54
746,96,2023ECOM02096,韩思源,8,电子商务2302班,18,线性代数,2026-03-29,absent,3,花睿哲,模拟考勤异常记录,2026-04-26T18:01:54,2026-04-26T18:01:54
747,97,2024AI02097,魏梦瑶,4,人工智能2402班,13,Linux操作系统,2026-04-09,normal,2,魏静怡,,2026-04-26T18:01:54,2026-04-26T18:01:54
748,97,2024AI02097,魏梦瑶,4,人工智能2402班,1,Java程序设计,2026-04-13,late,8,任景行,模拟考勤异常记录,2026-04-26T18:01:54,2026-04-26T18:01:54
749,97,2024AI02097,魏梦瑶,4,人工智能2402班,1,Java程序设计,2026-04-26,leave,8,任景行,模拟考勤异常记录,2026-04-26T18:01:54,2026-04-26T18:01:54
750,97,2024AI02097,魏梦瑶,4,人工智能2402班,12,离散数学,2026-04-12,normal,8,任景行,,2026-04-26T18:01:54,2026-04-26T18:01:54
751,97,2024AI02097,魏梦瑶,4,人工智能2402班,1,Java程序设计,2026-04-02,normal,8,任景行,,2026-04-26T18:01:54,2026-04-26T18:01:54
752,97,2024AI02097,魏梦瑶,4,人工智能2402班,1,Java程序设计,2026-03-27,late,8,任景行,模拟考勤异常记录,2026-04-26T18:01:54,2026-04-26T18:01:54
753,97,2024AI02097,魏梦瑶,4,人工智能2402班,12,离散数学,2026-04-19,normal,8,任景行,,2026-04-26T18:01:54,2026-04-26T18:01:54
754,97,2024AI02097,魏梦瑶,4,人工智能2402班,13,Linux操作系统,2026-04-25,normal,2,魏静怡,,2026-04-26T18:01:54,2026-04-26T18:01:54
755,98,2021SE02098,马嘉诚,3,软件工程2102班,3,Web前端开发,2026-04-05,normal,7,云承泽,,2026-04-26T18:01:54,2026-04-26T18:01:54
756,98,2021SE02098,马嘉诚,3,软件工程2102班,3,Web前端开发,2026-04-22,normal,7,云承泽,,2026-04-26T18:01:54,2026-04-26T18:01:54
757,98,2021SE02098,马嘉诚,3,软件工程2102班,3,Web前端开发,2026-04-08,leave,7,云承泽,模拟考勤异常记录,2026-04-26T18:01:54,2026-04-26T18:01:54
758,98,2021SE02098,马嘉诚,3,软件工程2102班,3,Web前端开发,2026-04-06,leave,7,云承泽,模拟考勤异常记录,2026-04-26T18:01:54,2026-04-26T18:01:54
759,98,2021SE02098,马嘉诚,3,软件工程2102班,3,Web前端开发,2026-04-12,normal,7,云承泽,,2026-04-26T18:01:54,2026-04-26T18:01:54
760,98,2021SE02098,马嘉诚,3,软件工程2102班,3,Web前端开发,2026-04-16,normal,7,云承泽,,2026-04-26T18:01:54,2026-04-26T18:01:54
761,99,2023ECOM02099,陈昊然,8,电子商务2302班,8,人工智能基础,2026-04-09,leave_early,1,彭佳怡,模拟考勤异常记录,2026-04-26T18:01:54,2026-04-26T18:01:54
762,99,2023ECOM02099,陈昊然,8,电子商务2302班,18,线性代数,2026-04-05,normal,3,花睿哲,,2026-04-26T18:01:54,2026-04-26T18:01:54
763,99,2023ECOM02099,陈昊然,8,电子商务2302班,18,线性代数,2026-04-17,late,3,花睿哲,模拟考勤异常记录,2026-04-26T18:01:54,2026-04-26T18:01:54
764,99,2023ECOM02099,陈昊然,8,电子商务2302班,14,移动应用开发,2026-04-01,normal,2,魏静怡,,2026-04-26T18:01:54,2026-04-26T18:01:54
765,99,2023ECOM02099,陈昊然,8,电子商务2302班,19,大学物理,2026-04-16,normal,3,花睿哲,,2026-04-26T18:01:54,2026-04-26T18:01:54
766,99,2023ECOM02099,陈昊然,8,电子商务2302班,18,线性代数,2026-03-27,leave_early,3,花睿哲,模拟考勤异常记录,2026-04-26T18:01:54,2026-04-26T18:01:54
767,99,2023ECOM02099,陈昊然,8,电子商务2302班,19,大学物理,2026-04-06,normal,3,花睿哲,,2026-04-26T18:01:54,2026-04-26T18:01:54
768,99,2023ECOM02099,陈昊然,8,电子商务2302班,8,人工智能基础,2026-04-26,leave_early,1,彭佳怡,模拟考勤异常记录,2026-04-26T18:01:54,2026-04-26T18:01:54
769,100,2022DS02100,俞宇航,5,数据科学与大数据技术2202班,16,信息安全基础,2026-04-02,normal,3,花睿哲,,2026-04-26T18:01:54,2026-04-26T18:01:54
770,100,2022DS02100,俞宇航,5,数据科学与大数据技术2202班,16,信息安全基础,2026-04-22,normal,3,花睿哲,,2026-04-26T18:01:54,2026-04-26T18:01:54
771,100,2022DS02100,俞宇航,5,数据科学与大数据技术2202班,11,计算机网络,2026-04-21,normal,8,任景行,,2026-04-26T18:01:54,2026-04-26T18:01:54
772,100,2022DS02100,俞宇航,5,数据科学与大数据技术2202班,15,软件测试技术,2026-04-05,normal,6,李志远,,2026-04-26T18:01:54,2026-04-26T18:01:54
773,100,2022DS02100,俞宇航,5,数据科学与大数据技术2202班,9,大学英语,2026-04-01,late,7,云承泽,模拟考勤异常记录,2026-04-26T18:01:54,2026-04-26T18:01:54
774,100,2022DS02100,俞宇航,5,数据科学与大数据技术2202班,15,软件测试技术,2026-04-11,leave_early,6,李志远,模拟考勤异常记录,2026-04-26T18:01:54,2026-04-26T18:01:54
775,100,2022DS02100,俞宇航,5,数据科学与大数据技术2202班,4,数据结构,2026-03-27,late,4,姜婉婷,模拟考勤异常记录,2026-04-26T18:01:54,2026-04-26T18:01:54
776,100,2022DS02100,俞宇航,5,数据科学与大数据技术2202班,6,软件工程导论,2026-03-27,leave,5,奚宇航,模拟考勤异常记录,2026-04-26T18:01:54,2026-04-26T18:01:54
